order_id,route_id,sku_id,region,order_date,delivery_date,promised_hrs,qty_ordered,unit_price,order_value,promo_flag
ORD-00397,R010,SKU-0004,West,2026-08-12 13:00:00,2026-08-14 15:18:31,48,4,2521.13,10084.52,0
ORD-00703,R003,SKU-0013,North,2026-06-11 07:00:00,2026-06-12 02:25:44,12,6,638.74,3832.44,0
ORD-00837,R015,SKU-0024,East,2026-06-17 15:00:00,2026-06-18 04:31:49,12,2,2105.2,4210.4,0
ORD-00345,R010,SKU-0023,West,2026-07-16 22:00:00,2026-07-17 20:21:52,12,2,241.4,482.8,0
ORD-00834,R015,SKU-0046,East,2026-07-04 06:00:00,2026-07-04 18:30:44,12,2,3380.92,6761.84,0
ORD-00359,R007,SKU-0021,South,2026-06-12 20:00:00,2026-06-13 08:16:34,6,2,916.93,1833.86,0
ORD-01111,R002,SKU-0022,East,2026-06-28 20:00:00,2026-06-29 00:36:40,6,5,897.01,4485.05,1
ORD-01181,R003,SKU-0016,North,2026-06-08 10:00:00,2026-06-08 18:56:37,6,1,1769.55,1769.55,1
ORD-00960,R008,SKU-0010,North,2026-06-06 13:00:00,2026-06-07 14:03:55,24,1,3121.22,3121.22,0
ORD-00047,R004,SKU-0036,Central,2026-07-31 06:00:00,2026-08-02 04:32:39,48,3,1655.68,4967.04,0
ORD-00982,R003,SKU-0028,North,2026-07-11 18:00:00,2026-07-12 06:44:53,12,4,867.76,3471.04,0
ORD-01096,R007,SKU-0002,South,2026-07-27 01:00:00,2026-07-27 14:51:36,6,5,3425.46,17127.3,1
ORD-00035,R012,SKU-0026,East,2026-08-03 19:00:00,2026-08-04 16:17:57,12,6,1930.79,11584.74,1
ORD-00598,R003,SKU-0059,North,2026-07-28 13:00:00,2026-07-29 18:19:03,6,2,3031.08,6062.16,0
ORD-00792,R002,SKU-0056,East,2026-08-13 16:00:00,2026-08-14 18:16:48,24,5,3341.83,16709.15,0
ORD-00756,R011,SKU-0013,West,2026-06-23 12:00:00,2026-06-23 19:31:52,6,1,2157.92,2157.92,0
ORD-00819,R004,SKU-0022,Central,2026-08-28 04:00:00,2026-08-30 06:52:41,48,4,3499.92,13999.68,0
ORD-00152,R012,SKU-0004,East,2026-08-12 15:00:00,2026-08-13 00:47:14,6,6,2074.14,12444.84,0
ORD-00315,R005,SKU-0024,East,2026-06-14 00:00:00,2026-06-14 17:00:44,12,4,332.72,1330.88,0
ORD-00596,R013,SKU-0013,Central,2026-08-25 00:00:00,2026-08-25 07:33:20,6,4,3208.26,12833.04,0
ORD-00739,R005,SKU-0057,East,2026-06-26 21:00:00,2026-06-27 08:44:38,12,7,2619.84,18338.88,0
ORD-00232,R009,SKU-0024,Central,2026-06-28 21:00:00,2026-06-29 12:56:39,6,5,1750.13,8750.65,0
ORD-00479,R009,SKU-0034,Central,2026-06-29 09:00:00,,12,6,2611.26,15667.56,1
ORD-01004,R003,SKU-0045,North,2026-07-08 08:00:00,2026-07-08 08:30:00,6,3,1038.98,3116.94,1
ORD-00375,R012,SKU-0026,East,2026-06-26 19:00:00,2026-06-27 15:47:55,24,2,1241.4,2482.8,0
ORD-00052,R004,SKU-0012,Central,2026-06-08 15:00:00,2026-06-09 14:13:17,24,1,1570.26,1570.26,1
ORD-00432,R015,SKU-0058,East,2026-07-18 22:00:00,2026-07-22 02:03:32,48,2,1056.24,2112.48,1
ORD-00745,R007,SKU-0043,South,2026-08-29 10:00:00,2026-08-31 10:18:39,48,2,3090.08,6180.16,0
ORD-01175,R014,SKU-0024,East,2026-08-28 03:00:00,2026-08-28 07:27:49,12,3,1109.3,3327.9,0
ORD-00751,R004,SKU-0032,Central,2026-06-09 10:00:00,2026-06-11 13:13:28,48,4,1812.96,7251.84,0
ORD-00762,R015,SKU-0028,East,2026-08-12 13:00:00,2026-08-13 14:26:05,24,4,182.37,729.48,0
ORD-00147,R005,SKU-0044,East,2026-07-12 22:00:00,2026-07-14 20:57:00,48,5,3396.44,16982.2,0
ORD-00954,R012,SKU-0031,East,2026-07-21 06:00:00,2026-07-22 10:35:04,24,7,3324.79,23273.53,0
ORD-01165,R001,SKU-0052,West,2026-06-04 01:00:00,2026-06-05 07:12:10,24,4,2557.85,10231.4,0
ORD-00064,R006,SKU-0035,East,2026-07-02 17:00:00,2026-07-03 14:34:51,24,6,199.4,1196.4,0
ORD-00740,R010,SKU-0032,West,2026-08-10 14:00:00,2026-08-12 16:28:38,48,5,468.78,2343.9,0
ORD-01026,R011,SKU-0021,West,2026-07-14 06:00:00,2026-07-14 09:51:05,6,6,523.14,3138.84,0
ORD-00514,R005,SKU-0053,East,2026-08-15 10:00:00,2026-08-15 13:33:39,12,1,1022.97,1022.97,1
ORD-00102,R007,SKU-0060,South,2026-08-04 22:00:00,2026-08-05 09:59:11,12,2,1879.9,3759.8,1
ORD-00641,R002,SKU-0034,East,2026-08-11 11:00:00,2026-08-12 05:57:15,24,3,2220.33,6660.99,1
ORD-00624,R008,SKU-0003,North,2026-06-05 17:00:00,2026-06-07 14:52:49,48,5,2451.63,12258.15,0
ORD-00225,R011,SKU-0046,West,2026-06-02 19:00:00,2026-06-02 21:22:55,6,2,196.39,392.78,0
ORD-00317,R007,SKU-0004,South,2026-06-17 07:00:00,2026-06-18 02:15:54,12,7,343.51,2404.57,1
ORD-00737,R006,SKU-0034,East,2026-08-19 09:00:00,2026-08-19 16:27:21,6,4,858.43,3433.72,0
ORD-00129,R005,SKU-0030,East,2026-08-02 07:00:00,2026-08-02 19:03:57,12,7,2374.38,16620.66,1
ORD-00410,R015,SKU-0011,East,2026-07-12 08:00:00,2026-07-13 06:27:17,24,5,2812.97,14064.85,0
ORD-00672,R006,SKU-0024,East,2026-07-18 03:00:00,2026-07-20 01:06:18,48,4,1202.16,4808.64,0
ORD-01105,R013,SKU-0048,Central,2026-06-03 15:00:00,2026-06-04 13:18:28,24,1,3076.69,3076.69,1
ORD-00290,R002,SKU-0058,East,2026-06-11 12:00:00,2026-06-12 03:03:07,12,3,2080.9,6242.7,0
ORD-00882,R009,SKU-0002,Central,2026-07-07 10:00:00,2026-07-07 17:05:20,12,2,2438.31,4876.62,0
ORD-00421,R003,SKU-0029,North,2026-07-08 15:00:00,2026-07-09 04:40:11,12,3,2726.26,8178.78,0
ORD-00527,R015,SKU-0050,East,2026-08-10 10:00:00,2026-08-10 18:08:39,6,3,2470.05,7410.15,1
ORD-00541,R012,SKU-0051,East,2026-07-28 02:00:00,2026-07-28 05:53:50,12,7,2164.81,15153.67,0
ORD-00110,R003,SKU-0022,North,2026-07-15 08:00:00,2026-07-16 03:50:41,12,7,2216.86,15518.02,1
ORD-00221,R005,SKU-0025,East,2026-07-17 09:00:00,2026-07-19 13:57:46,48,6,853.52,5121.12,1
ORD-00818,R004,SKU-0033,Central,2026-07-18 18:00:00,2026-07-19 03:56:34,12,1,3322.66,3322.66,0
ORD-00306,R014,SKU-0059,East,2026-06-01 06:00:00,2026-06-01 09:48:20,6,5,2783.22,13916.1,0
ORD-00099,R004,SKU-0058,Central,2026-08-05 09:00:00,2026-08-06 00:38:33,6,3,2103.01,6309.03,0
ORD-00456,R006,SKU-0018,East,2026-07-24 17:00:00,2026-07-25 21:23:27,24,6,3001.72,18010.32,1
ORD-01009,R012,SKU-0009,East,2026-07-21 18:00:00,2026-07-22 00:34:36,12,4,2393.83,9575.32,1
ORD-00208,R002,SKU-0007,East,2026-07-31 06:00:00,2026-08-01 01:03:49,24,4,360.69,1442.76,0
ORD-00010,R002,SKU-0026,East,2026-07-27 08:00:00,2026-07-27 18:54:00,12,5,2139.18,10695.9,0
ORD-00552,R007,SKU-0059,South,2026-07-01 02:00:00,,6,4,2358.61,9434.44,0
ORD-00054,R009,SKU-0017,Central,2026-07-22 15:00:00,2026-07-24 17:25:37,24,3,265.82,797.46,0
ORD-00732,R014,SKU-0017,East,2026-07-20 09:00:00,2026-07-21 01:30:27,24,7,1965.98,13761.86,0
ORD-00413,R012,SKU-0019,East,2026-07-18 09:00:00,2026-07-19 09:26:32,12,6,2685.11,16110.66,0
ORD-00493,R002,SKU-0047,East,2026-06-23 10:00:00,2026-06-25 11:50:00,48,4,1548.34,6193.36,1
ORD-00657,R007,SKU-0040,South,2026-07-08 11:00:00,2026-07-09 12:12:18,12,2,1578.28,3156.56,0
ORD-01019,R009,SKU-0004,Central,2026-07-06 17:00:00,2026-07-08 21:15:28,48,5,1569.69,7848.45,0
ORD-00987,R004,SKU-0034,Central,2026-08-01 22:00:00,2026-08-03 21:57:01,48,5,1995.97,9979.85,0
ORD-01196,R006,SKU-0033,East,2026-07-04 20:00:00,2026-07-05 07:37:48,12,1,2122.37,2122.37,0
ORD-01077,R012,SKU-0057,East,2026-07-16 17:00:00,2026-07-17 07:56:55,12,6,2869.69,17218.14,0
ORD-00893,R014,SKU-0019,East,2026-06-29 19:00:00,2026-06-30 17:27:42,12,2,3110.95,6221.9,0
ORD-00838,R013,SKU-0026,Central,2026-07-04 21:00:00,,24,5,2170.68,10853.4,0
ORD-00674,R006,SKU-0054,East,2026-06-29 00:00:00,2026-06-29 07:11:43,6,1,1288.38,1288.38,0
ORD-00896,R008,SKU-0052,North,2026-06-27 00:00:00,2026-06-29 07:49:37,48,1,3185.71,3185.71,0
ORD-00263,R014,SKU-0022,East,2026-06-29 02:00:00,2026-06-29 19:39:20,24,2,2517.61,5035.22,0
ORD-00820,R008,SKU-0057,North,2026-08-07 03:00:00,2026-08-08 21:55:21,12,7,2703.47,18924.29,0
ORD-00187,R004,SKU-0024,Central,2026-06-16 07:00:00,2026-06-16 18:33:38,12,5,526.36,2631.8,1
ORD-00797,R010,SKU-0041,West,2026-06-19 14:00:00,2026-06-20 00:08:25,6,3,2153.57,6460.71,1
ORD-00474,R010,SKU-0056,West,2026-07-17 18:00:00,2026-07-18 09:47:49,12,1,1286.64,1286.64,0
ORD-00284,R007,SKU-0007,South,2026-06-09 22:00:00,2026-06-12 06:36:57,24,7,1115.5,7808.5,1
ORD-01063,R003,SKU-0024,North,2026-07-03 18:00:00,2026-07-05 08:30:43,48,2,1478.86,2957.72,1
ORD-00084,R006,SKU-0004,East,2026-07-16 02:00:00,2026-07-16 11:24:02,12,4,2825.74,11302.96,0
ORD-00264,R008,SKU-0002,North,2026-06-19 16:00:00,2026-06-21 04:36:47,48,3,3183.58,9550.74,0
ORD-00055,R004,SKU-0059,Central,2026-07-28 07:00:00,2026-07-29 01:10:13,24,1,1071.69,1071.69,0
ORD-00643,R002,SKU-0013,East,2026-07-15 11:00:00,2026-07-16 10:24:03,24,1,727.91,727.91,0
ORD-00271,R009,SKU-0025,Central,2026-06-24 13:00:00,2026-06-24 23:55:13,12,3,2148.54,6445.62,0
ORD-01078,R015,SKU-0015,East,2026-07-09 16:00:00,2026-07-10 16:23:00,12,3,3020.44,9061.32,0
ORD-00114,R014,SKU-0013,East,2026-06-22 20:00:00,2026-06-24 11:29:36,24,1,1667.64,1667.64,1
ORD-00253,R009,SKU-0018,Central,2026-06-04 03:00:00,2026-06-04 12:31:54,6,4,716.27,2865.08,0
ORD-00684,R008,SKU-0030,North,2026-06-12 15:00:00,2026-06-13 17:14:47,12,4,2523.21,10092.84,0
ORD-00523,R014,SKU-0037,East,2026-08-10 04:00:00,2026-08-10 13:05:24,12,4,3352.55,13410.2,0
ORD-00801,R002,SKU-0002,East,2026-07-16 09:00:00,2026-07-17 06:51:22,24,7,1693.87,11857.09,0
ORD-00864,R013,SKU-0056,Central,2026-07-12 12:00:00,2026-07-12 17:43:53,6,7,1850.14,12950.98,0
ORD-00971,R002,SKU-0039,East,2026-06-14 19:00:00,2026-06-14 19:30:00,6,2,2511.0,5022.0,0
ORD-00142,R007,SKU-0004,South,2026-06-08 14:00:00,2026-06-08 22:44:53,12,4,1831.05,7324.2,0
ORD-00041,R004,SKU-0008,Central,2026-07-22 06:00:00,2026-07-24 05:53:56,48,5,2261.62,11308.1,1
ORD-00529,R010,SKU-0026,West,2026-06-13 05:00:00,2026-06-15 14:27:19,48,3,1302.09,3906.27,0
ORD-00505,R013,SKU-0029,Central,2026-06-10 15:00:00,2026-06-11 15:26:09,6,5,3409.75,17048.75,1
ORD-00171,R005,SKU-0007,East,2026-06-08 00:00:00,2026-06-10 08:36:36,48,1,1286.49,1286.49,0
ORD-00634,R015,SKU-0059,East,2026-07-13 00:00:00,2026-07-13 21:00:26,12,3,393.18,1179.54,0
ORD-01172,R004,SKU-0043,Central,2026-08-17 17:00:00,2026-08-19 12:02:30,48,4,508.69,2034.76,0
ORD-00569,R003,SKU-0059,North,2026-07-14 19:00:00,2026-07-15 04:11:14,6,3,1121.14,3363.42,0
ORD-00431,R003,SKU-0034,North,2026-07-11 19:00:00,2026-07-12 05:31:02,6,7,358.71,2510.97,0
ORD-00217,R011,SKU-0026,West,2026-06-25 11:00:00,2026-06-26 06:04:25,12,1,2254.45,2254.45,0
ORD-00786,R009,SKU-0013,Central,2026-08-27 20:00:00,2026-08-28 08:14:09,12,3,530.25,1590.75,0
ORD-00400,R011,SKU-0056,West,2026-07-28 16:00:00,2026-07-30 15:39:40,48,5,1167.0,5835.0,1
ORD-00098,R005,SKU-0015,East,2026-08-09 10:00:00,2026-08-12 06:18:50,48,4,1317.49,5269.96,0
ORD-00758,R013,SKU-0020,Central,2026-07-11 02:00:00,2026-07-12 04:14:02,24,1,2938.9,2938.9,0
ORD-00573,R004,SKU-0037,Central,2026-07-19 12:00:00,2026-07-19 16:23:07,12,4,3457.11,13828.44,0
ORD-00856,R004,SKU-0027,Central,2026-07-19 16:00:00,2026-07-20 05:32:58,12,5,1432.85,7164.25,0
ORD-01159,R009,SKU-0049,Central,2026-08-07 07:00:00,2026-08-08 04:37:58,12,7,2448.06,17136.42,1
ORD-01048,R012,SKU-0014,East,2026-06-25 07:00:00,2026-06-25 16:09:25,6,6,807.0,4842.0,0
ORD-00548,R001,SKU-0001,West,2026-06-15 06:00:00,2026-06-15 13:33:46,24,7,866.41,6064.87,0
ORD-00736,R005,SKU-0011,East,2026-06-04 11:00:00,2026-06-05 02:16:36,12,6,2123.68,12742.08,0
ORD-00340,R010,SKU-0034,West,2026-06-02 01:00:00,2026-06-03 09:58:57,24,3,168.43,505.29,0
ORD-00701,R011,SKU-0035,West,2026-08-25 01:00:00,2026-08-25 13:55:28,12,5,2906.35,14531.75,0
ORD-01020,R004,SKU-0058,Central,2026-06-30 16:00:00,2026-07-02 02:01:36,24,5,1517.99,7589.95,1
ORD-00173,R011,SKU-0014,West,2026-07-08 22:00:00,2026-07-10 00:09:13,24,1,417.22,417.22,0
ORD-00535,R006,SKU-0019,East,2026-08-17 22:00:00,2026-08-18 14:21:44,24,5,285.77,1428.85,0
ORD-00446,R001,SKU-0032,West,2026-07-03 02:00:00,2026-07-03 08:01:33,12,1,920.12,920.12,0
ORD-00871,R010,SKU-0012,West,2026-06-11 10:00:00,2026-06-11 16:44:26,12,1,3420.02,3420.02,0
ORD-00373,R002,SKU-0024,East,2026-08-26 15:00:00,2026-08-26 22:49:59,12,4,3373.86,13495.44,0
ORD-01142,R013,SKU-0060,Central,2026-07-16 14:00:00,2026-07-17 13:19:37,24,6,2006.14,12036.84,1
ORD-00281,R005,SKU-0009,East,2026-08-29 03:00:00,2026-08-29 08:52:50,6,3,2267.06,6801.18,1
ORD-00351,R002,SKU-0022,East,2026-06-18 22:00:00,2026-06-21 01:44:58,12,7,1767.06,12369.42,1
ORD-01103,R014,SKU-0045,East,2026-06-18 03:00:00,2026-06-18 03:30:00,6,3,1582.48,4747.44,0
ORD-00994,R010,SKU-0001,West,2026-07-01 02:00:00,2026-07-02 03:56:57,24,6,2734.89,16409.34,0
ORD-00518,R009,SKU-0027,Central,2026-06-22 07:00:00,2026-06-23 07:14:49,24,1,1914.21,1914.21,0
ORD-00378,R008,SKU-0027,North,2026-07-15 01:00:00,2026-07-16 07:50:08,12,4,3431.87,13727.48,0
ORD-00206,R001,SKU-0058,West,2026-06-25 03:00:00,2026-06-25 13:16:40,6,2,2420.87,4841.74,1
ORD-00447,R005,SKU-0024,East,2026-06-14 17:00:00,2026-06-15 01:57:34,6,6,2333.71,14002.26,0
ORD-00018,R002,SKU-0035,East,2026-08-15 10:00:00,2026-08-17 00:06:54,48,2,1661.08,3322.16,0
ORD-01102,R010,SKU-0054,West,2026-06-29 19:00:00,2026-06-29 23:34:35,6,1,2441.57,2441.57,0
ORD-00427,R001,SKU-0007,West,2026-07-29 04:00:00,2026-07-31 19:02:35,48,4,184.32,737.28,0
ORD-00829,R004,SKU-0039,Central,2026-08-19 02:00:00,2026-08-19 18:05:54,24,2,2603.52,5207.04,0
ORD-00458,R001,SKU-0053,West,2026-06-15 16:00:00,2026-06-16 09:43:42,24,7,1659.31,11615.17,0
ORD-00116,R011,SKU-0003,West,2026-08-01 07:00:00,2026-08-01 21:54:24,12,1,2690.16,2690.16,0
ORD-00390,R009,SKU-0045,Central,2026-06-01 12:00:00,2026-06-01 15:13:01,6,2,1065.7,2131.4,1
ORD-00352,R015,SKU-0024,East,2026-08-17 13:00:00,2026-08-18 03:21:08,6,3,486.53,1459.59,0
ORD-00141,R009,SKU-0014,Central,2026-06-25 18:00:00,,24,1,504.5,504.5,0
ORD-00588,R015,SKU-0024,East,2026-06-04 19:00:00,2026-06-05 20:54:28,6,5,3111.37,15556.85,1
ORD-00619,R015,SKU-0026,East,2026-08-25 16:00:00,2026-08-25 16:30:00,12,7,1044.76,7313.32,1
ORD-00981,R008,SKU-0004,North,2026-08-29 15:00:00,2026-08-31 16:49:07,48,1,286.04,286.04,0
ORD-00494,R015,SKU-0008,East,2026-07-28 01:00:00,2026-07-28 12:21:46,6,5,2555.07,12775.35,0
ORD-00364,R006,SKU-0020,East,2026-06-08 04:00:00,2026-06-08 07:38:17,6,3,494.03,1482.09,1
ORD-00919,R004,SKU-0039,Central,2026-07-09 05:00:00,2026-07-09 13:54:28,6,7,3184.19,22289.33,1
ORD-00416,R013,SKU-0034,Central,2026-08-23 17:00:00,2026-08-23 17:30:00,6,3,756.75,2270.25,0
ORD-00109,R005,SKU-0016,East,2026-08-02 20:00:00,2026-08-03 07:16:02,12,2,1436.88,2873.76,1
ORD-00651,R014,SKU-0052,East,2026-06-11 03:00:00,2026-06-12 21:59:27,48,2,3266.31,6532.62,0
ORD-00565,R002,SKU-0042,East,2026-08-25 12:00:00,2026-08-25 16:13:57,6,2,2247.0,4494.0,1
ORD-00967,R010,SKU-0002,West,2026-08-17 15:00:00,2026-08-18 00:55:44,12,3,1399.35,4198.05,0
ORD-00100,R004,SKU-0048,Central,2026-08-02 20:00:00,2026-08-04 01:05:15,24,1,1706.7,1706.7,0
ORD-00726,R004,SKU-0012,Central,2026-06-02 20:00:00,2026-06-03 06:40:37,6,5,3499.53,17497.65,0
ORD-00666,R006,SKU-0019,East,2026-08-13 03:00:00,2026-08-13 08:32:43,6,1,592.68,592.68,0
ORD-00307,R010,SKU-0050,West,2026-08-24 04:00:00,2026-08-25 00:23:41,12,1,2512.29,2512.29,0
ORD-00205,R005,SKU-0055,East,2026-06-08 09:00:00,2026-06-09 12:49:08,6,3,1249.61,3748.83,0
ORD-01068,R010,SKU-0027,West,2026-08-23 12:00:00,2026-08-23 18:55:24,12,5,1850.75,9253.75,0
ORD-01057,R007,SKU-0032,South,2026-07-31 19:00:00,2026-08-01 13:38:09,12,1,659.32,659.32,0
ORD-00180,R010,SKU-0001,West,2026-07-30 13:00:00,2026-07-31 15:38:13,24,7,2525.92,17681.44,1
ORD-00362,R003,SKU-0054,North,2026-07-22 03:00:00,2026-07-22 19:29:54,12,3,706.44,2119.32,1
ORD-00769,R009,SKU-0013,Central,2026-06-04 17:00:00,2026-06-05 21:01:50,12,4,2893.46,11573.84,1
ORD-00730,R014,SKU-0033,East,2026-08-06 18:00:00,2026-08-07 17:04:50,24,7,1226.37,8584.59,0
ORD-01168,R015,SKU-0005,East,2026-08-26 00:00:00,2026-08-26 10:29:01,12,1,3085.36,3085.36,0
ORD-00337,R006,SKU-0018,East,2026-06-21 03:00:00,2026-06-21 05:29:15,6,5,1919.78,9598.9,1
ORD-00499,R001,SKU-0017,West,2026-06-05 09:00:00,2026-06-07 12:04:08,48,3,1976.88,5930.64,0
ORD-00622,R002,SKU-0029,East,2026-08-04 13:00:00,2026-08-05 05:26:16,12,4,2314.7,9258.8,0
ORD-00024,R001,SKU-0053,West,2026-07-28 12:00:00,2026-07-29 09:27:14,12,7,1298.78,9091.46,0
ORD-00628,R013,SKU-0053,Central,2026-06-16 16:00:00,2026-06-18 12:35:58,48,4,1678.64,6714.56,0
ORD-00841,R008,SKU-0054,North,2026-07-12 04:00:00,2026-07-12 19:41:36,12,6,2489.29,14935.74,0
ORD-00490,R004,SKU-0049,Central,2026-08-20 13:00:00,2026-08-22 09:46:36,48,3,2061.92,6185.76,0
ORD-01098,R008,SKU-0045,North,2026-07-06 01:00:00,2026-07-07 07:29:17,24,3,324.92,974.76,1
ORD-00603,R008,SKU-0059,North,2026-06-08 20:00:00,2026-06-09 05:50:39,6,5,2685.42,13427.1,0
ORD-00821,R012,SKU-0060,East,2026-07-26 17:00:00,2026-07-27 05:07:31,6,7,512.23,3585.61,0
ORD-00124,R007,SKU-0003,South,2026-07-01 00:00:00,2026-07-01 22:14:26,12,2,2738.52,5477.04,0
ORD-00570,R012,SKU-0004,East,2026-08-09 17:00:00,2026-08-10 05:40:58,12,3,2507.02,7521.06,0
ORD-00842,R009,SKU-0026,Central,2026-07-19 22:00:00,2026-07-19 22:30:00,6,5,2549.73,12748.65,0
ORD-00485,R002,SKU-0011,East,2026-08-16 13:00:00,2026-08-17 06:33:29,24,5,3347.66,16738.3,0
ORD-00564,R003,SKU-0015,North,2026-08-11 05:00:00,2026-08-12 09:31:45,24,6,1371.33,8227.98,0
ORD-00190,R014,SKU-0026,East,2026-08-29 19:00:00,2026-08-29 19:30:00,6,6,435.49,2612.94,0
ORD-00928,R001,SKU-0028,West,2026-07-21 00:00:00,2026-07-21 17:10:44,12,4,3493.81,13975.24,0
ORD-00511,R005,SKU-0004,East,2026-08-23 05:00:00,2026-08-23 11:49:23,12,5,1345.37,6726.85,0
ORD-00254,R008,SKU-0045,North,2026-06-13 00:00:00,2026-06-13 23:28:21,24,7,1022.73,7159.11,0
ORD-00949,R001,SKU-0041,West,2026-08-15 09:00:00,2026-08-17 06:31:08,24,1,2635.33,2635.33,0
ORD-00807,R008,SKU-0059,North,2026-08-16 02:00:00,2026-08-19 01:18:18,48,1,3192.93,3192.93,0
ORD-00071,R007,SKU-0027,South,2026-08-16 22:00:00,2026-08-16 22:30:00,6,1,178.35,178.35,0
ORD-00869,R010,SKU-0035,West,2026-07-13 14:00:00,2026-07-14 10:06:54,24,7,1434.9,10044.3,0
ORD-01185,R005,SKU-0005,East,2026-08-12 01:00:00,2026-08-13 03:10:46,24,2,961.47,1922.94,1
ORD-00172,R006,SKU-0018,East,2026-08-08 21:00:00,2026-08-10 12:56:26,24,2,2164.08,4328.16,1
ORD-00883,R005,SKU-0049,East,2026-07-28 14:00:00,2026-07-29 08:29:19,12,6,3230.43,19382.58,0
ORD-00169,R005,SKU-0028,East,2026-07-29 09:00:00,2026-07-30 20:24:17,48,4,3468.5,13874.0,0
ORD-00433,R012,SKU-0025,East,2026-06-23 20:00:00,2026-06-23 22:45:20,12,3,299.98,899.94,0
ORD-01174,R002,SKU-0033,East,2026-06-30 17:00:00,2026-07-02 17:40:48,48,2,1849.07,3698.14,0
ORD-00286,R014,SKU-0048,East,2026-08-16 06:00:00,2026-08-17 08:54:40,24,2,1371.9,2743.8,0
ORD-00126,R006,SKU-0025,East,2026-07-03 19:00:00,2026-07-04 05:49:45,6,6,2011.64,12069.84,0
ORD-00653,R010,SKU-0048,West,2026-06-08 02:00:00,2026-06-08 21:33:29,12,4,1320.05,5280.2,1
ORD-00633,R013,SKU-0015,Central,2026-07-22 03:00:00,2026-07-22 07:38:51,12,7,1665.7,11659.9,0
ORD-00165,R010,SKU-0029,West,2026-07-27 21:00:00,2026-07-29 18:23:53,48,3,2281.18,6843.54,0
ORD-00964,R008,SKU-0039,North,2026-07-10 10:00:00,2026-07-12 12:31:18,48,6,1814.69,10888.14,0
ORD-00510,R015,SKU-0058,East,2026-07-07 16:00:00,2026-07-08 16:28:18,24,6,2461.3,14767.8,0
ORD-00814,R015,SKU-0060,East,2026-06-02 07:00:00,2026-06-02 19:58:51,6,3,1035.48,3106.44,1
ORD-00043,R005,SKU-0014,East,2026-06-13 13:00:00,2026-06-13 15:52:00,12,5,2961.22,14806.1,1
ORD-00757,R015,SKU-0057,East,2026-06-22 04:00:00,2026-06-22 13:36:47,12,3,3261.95,9785.85,1
ORD-00886,R009,SKU-0032,Central,2026-06-14 18:00:00,2026-06-14 21:44:12,6,1,3011.71,3011.71,0
ORD-00265,R009,SKU-0002,Central,2026-08-25 14:00:00,2026-08-26 09:43:10,12,2,2037.62,4075.24,0
ORD-00133,R006,SKU-0019,East,2026-08-27 20:00:00,2026-08-28 00:42:30,6,2,2738.97,5477.94,0
ORD-00925,R005,SKU-0056,East,2026-07-17 03:00:00,2026-07-17 13:57:17,12,4,2507.42,10029.68,0
ORD-00793,R002,SKU-0034,East,2026-08-15 20:00:00,2026-08-15 20:30:00,6,7,161.66,1131.62,0
ORD-00039,R010,SKU-0033,West,2026-07-12 19:00:00,2026-07-13 13:38:28,6,1,3018.77,3018.77,0
ORD-00531,R011,SKU-0033,West,2026-07-19 01:00:00,2026-07-19 01:30:00,6,3,3440.39,10321.17,1
ORD-01179,R007,SKU-0046,South,2026-08-11 10:00:00,2026-08-12 02:18:14,12,7,2963.2,20742.4,0
ORD-00876,R011,SKU-0010,West,2026-06-09 07:00:00,2026-06-10 16:40:17,24,6,526.44,3158.64,1
ORD-00858,R009,SKU-0044,Central,2026-06-24 11:00:00,2026-06-25 01:01:18,12,1,521.54,521.54,0
ORD-00942,R006,SKU-0030,East,2026-07-05 10:00:00,2026-07-07 08:25:56,48,6,1500.86,9005.16,1
ORD-00884,R010,SKU-0028,West,2026-08-27 18:00:00,2026-08-27 22:02:33,6,2,1152.12,2304.24,0
ORD-00326,R007,SKU-0015,South,2026-08-29 06:00:00,2026-08-30 23:09:31,48,1,3043.93,3043.93,0
ORD-00014,R010,SKU-0056,West,2026-08-09 02:00:00,2026-08-09 13:52:52,6,1,3306.14,3306.14,0
ORD-00167,R014,SKU-0055,East,2026-07-23 11:00:00,2026-07-23 19:20:03,6,1,3150.91,3150.91,1
ORD-01041,R015,SKU-0055,East,2026-07-15 00:00:00,2026-07-18 16:15:46,48,4,939.83,3759.32,0
ORD-00229,R009,SKU-0045,Central,2026-08-20 07:00:00,2026-08-20 18:57:16,12,6,1915.78,11494.68,0
ORD-00532,R001,SKU-0001,West,2026-06-30 00:00:00,2026-07-01 05:28:22,24,4,2181.79,8727.16,1
ORD-00894,R004,SKU-0056,Central,2026-08-22 21:00:00,2026-08-24 01:36:41,24,3,272.73,818.19,1
ORD-00356,R015,SKU-0014,East,2026-06-08 13:00:00,2026-06-08 14:20:30,12,2,2200.58,4401.16,1
ORD-00700,R008,SKU-0021,North,2026-08-16 12:00:00,2026-08-17 06:34:04,24,5,1946.39,9731.95,1
ORD-01158,R003,SKU-0054,North,2026-08-27 03:00:00,2026-08-28 23:06:20,48,5,3389.97,16949.85,0
ORD-00021,R006,SKU-0008,East,2026-06-26 11:00:00,2026-06-26 20:46:00,24,5,2890.8,14454.0,0
ORD-00386,R015,SKU-0011,East,2026-08-05 14:00:00,2026-08-05 19:01:02,6,3,2106.47,6319.41,1
ORD-00072,R014,SKU-0019,East,2026-06-04 19:00:00,2026-06-06 07:30:01,48,1,467.79,467.79,0
ORD-00285,R010,SKU-0001,West,2026-08-07 19:00:00,2026-08-10 02:12:49,48,2,1992.63,3985.26,0
ORD-00368,R011,SKU-0022,West,2026-06-12 10:00:00,2026-06-12 14:48:52,12,7,2361.59,16531.13,0
ORD-00061,R002,SKU-0029,East,2026-06-28 22:00:00,2026-06-30 02:36:49,24,6,2816.82,16900.92,0
ORD-00627,R012,SKU-0031,East,2026-07-26 12:00:00,2026-07-27 17:55:24,24,7,2304.32,16130.24,0
ORD-00111,R003,SKU-0037,North,2026-07-11 05:00:00,2026-07-11 13:42:41,12,1,353.84,353.84,1
ORD-00005,R011,SKU-0045,West,2026-07-31 19:00:00,2026-07-31 21:02:26,12,6,3137.2,18823.2,1
ORD-01182,R014,SKU-0025,East,2026-06-20 19:00:00,2026-06-23 00:06:18,48,6,1025.21,6151.26,1
ORD-00725,R009,SKU-0047,Central,2026-07-10 06:00:00,2026-07-11 15:41:45,24,5,1220.04,6100.2,0
ORD-01131,R005,SKU-0049,East,2026-08-21 19:00:00,2026-08-22 07:04:31,12,5,1769.39,8846.95,0
ORD-00698,R005,SKU-0029,East,2026-06-01 15:00:00,2026-06-02 01:26:09,6,5,1149.02,5745.1,0
ORD-00695,R007,SKU-0059,South,2026-07-04 03:00:00,2026-07-05 04:22:36,24,5,2774.83,13874.15,0
ORD-00976,R013,SKU-0038,Central,2026-07-16 11:00:00,2026-07-16 17:25:48,12,1,1212.39,1212.39,1
ORD-00659,R010,SKU-0040,West,2026-08-09 21:00:00,,24,2,3116.89,6233.78,0
ORD-00526,R008,SKU-0010,North,2026-07-26 01:00:00,2026-07-26 01:30:00,6,7,2511.07,17577.49,1
ORD-00780,R005,SKU-0007,East,2026-06-26 16:00:00,2026-06-26 18:16:55,6,3,1551.61,4654.83,1
ORD-01065,R001,SKU-0011,West,2026-07-19 02:00:00,2026-07-20 01:38:42,12,6,1625.19,9751.14,0
ORD-00557,R001,SKU-0047,West,2026-06-30 21:00:00,2026-07-02 20:12:26,48,6,3462.02,20772.12,0
ORD-00279,R011,SKU-0023,West,2026-07-10 14:00:00,2026-07-11 11:36:09,6,6,3389.69,20338.14,0
ORD-00095,R009,SKU-0052,Central,2026-06-03 14:00:00,2026-06-04 15:18:16,24,1,1744.03,1744.03,1
ORD-00096,R010,SKU-0037,West,2026-06-10 20:00:00,2026-06-12 19:47:06,48,2,2896.16,5792.32,0
ORD-01126,R006,SKU-0019,East,2026-08-19 00:00:00,2026-08-21 06:27:15,48,4,1421.5,5686.0,1
ORD-00900,R003,SKU-0052,North,2026-06-14 05:00:00,2026-06-15 11:26:22,24,3,403.46,1210.38,0
ORD-01113,R014,SKU-0057,East,2026-07-24 22:00:00,2026-07-25 02:32:19,6,2,3383.2,6766.4,0
ORD-01061,R009,SKU-0042,Central,2026-06-06 12:00:00,2026-06-06 14:46:12,6,2,957.1,1914.2,1
ORD-00901,R012,SKU-0002,East,2026-06-21 17:00:00,2026-06-22 14:33:47,24,1,1353.58,1353.58,1
ORD-00714,R008,SKU-0022,North,2026-07-20 04:00:00,2026-07-20 06:51:59,6,7,1990.52,13933.64,0
ORD-00887,R009,SKU-0056,Central,2026-07-07 05:00:00,2026-07-07 05:30:00,12,4,3142.81,12571.24,0
ORD-00059,R008,SKU-0032,North,2026-07-21 18:00:00,2026-07-22 09:44:36,6,2,1968.0,3936.0,0
ORD-00319,R003,SKU-0048,North,2026-07-24 00:00:00,2026-07-26 02:24:06,48,4,1013.14,4052.56,1
ORD-00464,R010,SKU-0026,West,2026-07-19 00:00:00,2026-07-21 08:35:07,48,3,605.5,1816.5,1
ORD-00632,R012,SKU-0015,East,2026-06-01 06:00:00,2026-06-01 17:43:53,24,7,1929.93,13509.51,0
ORD-00025,R014,SKU-0002,East,2026-06-13 00:00:00,2026-06-13 01:46:59,12,1,562.59,562.59,0
ORD-00642,R003,SKU-0008,North,2026-07-17 06:00:00,2026-07-18 07:38:15,24,2,1193.15,2386.3,0
ORD-00245,R009,SKU-0030,Central,2026-08-09 10:00:00,2026-08-10 09:39:57,24,1,2339.16,2339.16,0
ORD-00026,R004,SKU-0001,Central,2026-08-14 17:00:00,2026-08-16 08:21:06,48,5,2568.0,12840.0,1
ORD-00223,R011,SKU-0060,West,2026-07-10 17:00:00,2026-07-11 06:59:30,24,5,565.07,2825.35,1
ORD-00759,R013,SKU-0016,Central,2026-06-13 15:00:00,2026-06-14 15:00:49,12,2,2320.43,4640.86,0
ORD-01017,R008,SKU-0043,North,2026-07-11 07:00:00,2026-07-12 21:54:21,48,6,1384.89,8309.34,0
ORD-01074,R002,SKU-0013,East,2026-08-02 04:00:00,2026-08-02 04:30:00,6,3,1963.86,5891.58,0
ORD-00131,R010,SKU-0038,West,2026-06-24 03:00:00,,6,2,1421.63,2843.26,0
ORD-00154,R003,SKU-0014,North,2026-07-20 06:00:00,2026-07-21 08:26:46,24,6,200.17,1201.02,0
ORD-00836,R002,SKU-0037,East,2026-08-09 06:00:00,2026-08-10 18:56:06,48,3,2232.09,6696.27,0
ORD-00940,R012,SKU-0017,East,2026-07-17 02:00:00,2026-07-18 02:23:05,24,2,2387.54,4775.08,0
ORD-00327,R011,SKU-0019,West,2026-08-09 16:00:00,2026-08-10 15:09:05,24,1,2635.87,2635.87,0
ORD-01018,R003,SKU-0014,North,2026-08-15 05:00:00,2026-08-15 21:30:51,24,7,256.25,1793.75,1
ORD-00076,R007,SKU-0041,South,2026-08-17 01:00:00,2026-08-17 01:30:00,6,5,1675.8,8379.0,0
ORD-00910,R011,SKU-0003,West,2026-07-23 14:00:00,2026-07-25 13:38:04,48,2,687.62,1375.24,1
ORD-01058,R002,SKU-0046,East,2026-08-11 06:00:00,2026-08-11 10:01:35,6,6,2344.03,14064.18,0
ORD-00489,R013,SKU-0054,Central,2026-06-17 13:00:00,2026-06-17 17:04:00,12,4,1655.14,6620.56,1
ORD-00818,R004,SKU-0033,Central,2026-07-18 18:00:00,2026-07-19 03:56:34,12,1,3322.66,3322.66,0
ORD-00952,R008,SKU-0027,North,2026-06-07 20:00:00,2026-06-09 10:13:54,48,1,1548.08,1548.08,1
ORD-01195,R003,SKU-0053,North,2026-06-05 04:00:00,2026-06-06 04:28:14,24,6,767.3,4603.8,0
ORD-00200,R011,SKU-0025,West,2026-07-08 22:00:00,2026-07-10 06:27:39,24,4,1616.98,6467.92,0
ORD-00833,R013,SKU-0058,Central,2026-06-16 03:00:00,2026-06-18 11:33:42,48,1,2614.14,2614.14,0
ORD-00135,R001,SKU-0009,West,2026-08-10 06:00:00,2026-08-10 16:43:01,12,4,3332.68,13330.72,1
ORD-00713,R008,SKU-0042,North,2026-08-01 04:00:00,2026-08-03 07:54:14,48,4,2795.33,11181.32,0
ORD-00260,R005,SKU-0045,East,2026-07-12 18:00:00,2026-07-13 14:55:05,24,3,2072.58,6217.74,1
ORD-00586,R011,SKU-0003,West,2026-06-16 17:00:00,2026-06-18 02:29:44,24,7,2534.32,17740.24,0
ORD-00004,R014,SKU-0012,East,2026-07-21 00:00:00,2026-07-21 16:14:08,12,1,1609.56,1609.56,0
ORD-01045,R009,SKU-0030,Central,2026-07-15 17:00:00,2026-07-16 02:57:16,12,7,2933.45,20534.15,0
ORD-00508,R012,SKU-0028,East,2026-06-10 00:00:00,2026-06-10 16:44:15,24,6,1017.16,6102.96,0
ORD-00197,R003,SKU-0011,North,2026-06-03 16:00:00,2026-06-04 06:45:40,12,7,2037.65,14263.55,1
ORD-01193,R005,SKU-0056,East,2026-07-04 15:00:00,2026-07-05 18:52:12,24,2,1704.74,3409.48,0
ORD-00572,R007,SKU-0035,South,2026-07-12 09:00:00,2026-07-13 02:42:20,6,1,1709.23,1709.23,1
ORD-00027,R014,SKU-0006,East,2026-06-18 09:00:00,2026-06-19 15:39:35,24,6,2014.84,12089.04,0
ORD-00923,R004,SKU-0030,Central,2026-07-03 19:00:00,2026-07-04 12:57:46,12,1,3124.65,3124.65,0
ORD-00460,R013,SKU-0007,Central,2026-07-22 19:00:00,2026-07-23 15:16:30,24,6,587.07,3522.42,0
ORD-01118,R001,SKU-0045,West,2026-06-16 14:00:00,2026-06-17 23:53:19,24,5,2538.15,12690.75,1
ORD-00309,R012,SKU-0060,East,2026-06-22 09:00:00,2026-06-22 23:58:17,12,4,3384.69,13538.76,1
ORD-00062,R007,SKU-0016,South,2026-07-25 14:00:00,2026-07-26 06:54:52,12,2,479.25,958.5,0
ORD-00335,R009,SKU-0058,Central,2026-06-02 02:00:00,2026-06-02 15:35:32,24,4,330.39,1321.56,0
ORD-01042,R007,SKU-0018,South,2026-08-29 01:00:00,2026-08-30 05:45:18,24,3,1066.86,3200.58,0
ORD-01040,R011,SKU-0007,West,2026-06-18 05:00:00,2026-06-18 20:09:02,12,3,1577.07,4731.21,0
ORD-00661,R012,SKU-0032,East,2026-07-31 03:00:00,2026-07-31 14:20:02,6,1,2354.2,2354.2,1
ORD-00618,R013,SKU-0022,Central,2026-08-23 20:00:00,2026-08-25 17:13:29,48,1,1384.09,1384.09,0
ORD-00854,R015,SKU-0025,East,2026-07-08 01:00:00,2026-07-09 19:53:01,48,2,2764.72,5529.44,1
ORD-01128,R007,SKU-0060,South,2026-08-28 17:00:00,2026-08-29 15:10:23,24,4,803.65,3214.6,1
ORD-00688,R004,SKU-0049,Central,2026-08-25 03:00:00,2026-08-25 03:51:24,6,1,1754.87,1754.87,0
ORD-01146,R007,SKU-0047,South,2026-07-29 05:00:00,2026-07-29 13:06:41,6,1,3408.91,3408.91,0
ORD-00800,R009,SKU-0010,Central,2026-08-02 16:00:00,2026-08-02 17:39:38,6,6,1334.14,8004.84,1
ORD-00899,R001,SKU-0038,West,2026-07-13 17:00:00,2026-07-13 20:50:48,12,4,3332.24,13328.96,1
ORD-00009,R004,SKU-0050,Central,2026-08-14 18:00:00,2026-08-15 15:20:54,24,5,3123.83,15619.15,0
ORD-00408,R009,SKU-0041,Central,2026-06-23 00:00:00,2026-06-23 16:03:13,12,5,2860.31,14301.55,0
ORD-00678,R012,SKU-0043,East,2026-06-08 01:00:00,2026-06-08 13:01:29,12,3,273.46,820.38,0
ORD-01190,R012,SKU-0058,East,2026-06-22 10:00:00,2026-06-23 11:06:58,24,7,576.31,4034.17,0
ORD-00484,R010,SKU-0047,West,2026-08-11 13:00:00,,12,1,3016.96,3016.96,0
ORD-01003,R015,SKU-0044,East,2026-06-15 01:00:00,2026-06-15 06:33:28,12,5,1920.82,9604.1,0
ORD-00795,R003,SKU-0014,North,2026-06-04 09:00:00,2026-06-04 16:43:39,12,7,753.65,5275.55,0
ORD-00455,R001,SKU-0006,West,2026-08-22 02:00:00,2026-08-22 17:28:56,12,7,1687.13,11809.91,0
ORD-00075,R009,SKU-0023,Central,2026-06-06 13:00:00,2026-06-07 12:04:20,24,5,1911.65,9558.25,0
ORD-00545,R011,SKU-0038,West,2026-06-13 06:00:00,2026-06-14 01:04:08,12,2,2547.23,5094.46,1
ORD-00058,R010,SKU-0060,West,2026-06-09 09:00:00,2026-06-11 09:37:18,12,6,2850.66,17103.96,0
ORD-00999,R001,SKU-0040,West,2026-07-18 10:00:00,2026-07-18 15:51:34,6,4,732.47,2929.88,1
ORD-00512,R007,SKU-0031,South,2026-08-02 04:00:00,2026-08-03 20:51:04,12,2,375.43,750.86,0
ORD-00298,R005,SKU-0053,East,2026-07-07 16:00:00,2026-07-08 18:50:49,12,7,2741.6,19191.2,1
ORD-00453,R013,SKU-0040,Central,2026-06-13 13:00:00,2026-06-14 11:59:33,24,2,3492.49,6984.98,0
ORD-00218,R009,SKU-0038,Central,2026-08-25 00:00:00,2026-08-25 00:36:54,6,7,2234.86,15644.02,0
ORD-01025,R011,SKU-0049,West,2026-07-10 20:00:00,2026-07-11 08:46:35,12,4,2931.34,11725.36,0
ORD-01027,R006,SKU-0052,East,2026-07-13 03:00:00,2026-07-13 20:21:53,24,2,2085.11,4170.22,0
ORD-00843,R013,SKU-0036,Central,2026-08-10 12:00:00,2026-08-10 21:18:24,12,2,1866.81,3733.62,0
ORD-00595,R012,SKU-0047,East,2026-06-12 17:00:00,2026-06-13 03:49:34,12,5,2256.85,11284.25,0
ORD-00663,R009,SKU-0028,Central,2026-07-01 12:00:00,,24,4,3170.8,12683.2,0
ORD-00610,R011,SKU-0002,West,2026-06-16 14:00:00,2026-06-18 03:59:10,24,5,680.14,3400.7,1
ORD-01157,R007,SKU-0051,South,2026-08-06 12:00:00,2026-08-07 16:24:05,24,5,772.19,3860.95,0
ORD-00681,R011,SKU-0015,West,2026-07-10 09:00:00,2026-07-11 21:27:36,24,4,2077.6,8310.4,0
ORD-00826,R006,SKU-0059,East,2026-06-01 21:00:00,2026-06-01 21:30:00,6,6,2366.89,14201.34,0
ORD-00501,R002,SKU-0009,East,2026-07-04 03:00:00,2026-07-05 00:37:00,24,7,2325.77,16280.39,0
ORD-00267,R009,SKU-0051,Central,2026-06-27 05:00:00,2026-06-28 04:52:32,24,5,1057.27,5286.35,0
ORD-00007,R002,SKU-0008,East,2026-07-10 17:00:00,2026-07-10 23:40:30,12,4,1682.08,6728.32,1
ORD-00558,R012,SKU-0026,East,2026-07-10 13:00:00,2026-07-11 11:21:46,12,5,1165.04,5825.2,0
ORD-01160,R001,SKU-0019,West,2026-07-28 10:00:00,2026-07-28 22:17:37,6,5,451.9,2259.5,0
ORD-00620,R003,SKU-0059,North,2026-06-09 03:00:00,2026-06-09 21:21:43,12,3,2926.92,8780.76,0
ORD-00139,R009,SKU-0057,Central,2026-07-11 18:00:00,2026-07-12 17:34:47,24,2,1107.4,2214.8,0
ORD-00164,R004,SKU-0044,Central,2026-06-28 07:00:00,2026-06-28 12:21:02,6,6,337.32,2023.92,0
ORD-01198,R002,SKU-0014,East,2026-08-23 09:00:00,2026-08-25 21:11:38,48,2,261.98,523.96,0
ORD-00668,R014,SKU-0046,East,2026-07-28 20:00:00,2026-07-29 01:10:12,12,5,1981.84,9909.2,0
ORD-01079,R011,SKU-0042,West,2026-08-21 10:00:00,2026-08-22 00:10:29,6,2,1045.18,2090.36,0
ORD-00044,R007,SKU-0006,South,2026-06-23 10:00:00,2026-06-24 04:09:55,12,2,2628.65,5257.3,1
ORD-00744,R003,SKU-0030,North,2026-07-30 16:00:00,2026-07-30 23:58:54,12,6,840.41,5042.46,0
ORD-00998,R006,SKU-0002,East,2026-08-08 06:00:00,2026-08-10 08:33:24,48,1,3472.96,3472.96,0
ORD-00320,R015,SKU-0048,East,2026-08-04 16:00:00,2026-08-04 16:30:00,12,7,3188.3,22318.1,0
ORD-00903,R005,SKU-0031,East,2026-07-22 11:00:00,2026-07-24 09:41:49,48,2,3436.97,6873.94,0
ORD-00771,R008,SKU-0011,North,2026-06-01 22:00:00,2026-06-02 11:15:29,6,6,666.14,3996.84,0
ORD-00799,R005,SKU-0006,East,2026-06-12 07:00:00,2026-06-14 01:06:48,48,5,2876.8,14384.0,0
ORD-00295,R002,SKU-0010,East,2026-08-09 22:00:00,2026-08-11 03:58:25,24,4,730.21,2920.84,1
ORD-00398,R009,SKU-0044,Central,2026-07-09 06:00:00,2026-07-09 18:34:00,12,1,2378.89,2378.89,0
ORD-01024,R010,SKU-0060,West,2026-06-04 05:00:00,2026-06-05 16:51:55,48,3,1214.53,3643.59,0
ORD-00587,R007,SKU-0016,South,2026-08-06 06:00:00,2026-08-07 06:42:53,24,3,320.7,962.1,0
ORD-01053,R013,SKU-0044,Central,2026-07-28 03:00:00,2026-07-30 14:53:36,48,1,1467.14,1467.14,0
ORD-00020,R006,SKU-0052,East,2026-08-20 21:00:00,2026-08-21 18:52:20,24,1,3139.46,3139.46,0
ORD-01124,R014,SKU-0020,East,2026-08-12 05:00:00,2026-08-12 05:30:00,6,2,964.79,1929.58,1
ORD-00559,R006,SKU-0031,East,2026-07-05 01:00:00,2026-07-06 10:36:01,24,7,893.91,6257.37,0
ORD-00658,R012,SKU-0039,East,2026-08-22 19:00:00,2026-08-22 22:45:32,6,3,858.67,2576.01,0
ORD-01170,R010,SKU-0028,West,2026-08-18 13:00:00,2026-08-19 03:27:30,12,6,384.05,2304.3,0
ORD-01043,R014,SKU-0039,East,2026-07-23 10:00:00,2026-07-23 12:22:10,12,6,301.71,1810.26,0
ORD-00380,R005,SKU-0044,East,2026-07-24 03:00:00,2026-07-25 13:30:57,24,5,1386.63,6933.15,0
ORD-00566,R005,SKU-0011,East,2026-07-31 09:00:00,2026-07-31 17:54:12,24,7,1764.9,12354.3,1
ORD-00138,R010,SKU-0002,West,2026-08-11 05:00:00,2026-08-11 15:05:39,6,6,712.59,4275.54,1
ORD-00504,R015,SKU-0059,East,2026-08-20 07:00:00,2026-08-20 21:31:46,12,5,536.88,2684.4,0
ORD-00186,R012,SKU-0013,East,2026-08-11 18:00:00,2026-08-12 07:05:50,12,6,870.32,5221.92,0
ORD-00938,R010,SKU-0053,West,2026-06-23 13:00:00,2026-06-24 14:42:12,24,2,2723.98,5447.96,1
ORD-00419,R006,SKU-0060,East,2026-07-25 09:00:00,2026-07-26 07:21:24,12,2,2072.17,4144.34,1
ORD-01145,R008,SKU-0052,North,2026-07-10 09:00:00,2026-07-10 22:50:31,6,5,2358.75,11793.75,0
ORD-01143,R015,SKU-0007,East,2026-08-05 05:00:00,2026-08-06 14:22:01,24,3,1216.59,3649.77,1
ORD-01135,R007,SKU-0018,South,2026-08-26 00:00:00,2026-08-26 10:07:35,12,3,1287.07,3861.21,0
ORD-01089,R003,SKU-0001,North,2026-07-18 02:00:00,2026-07-18 02:30:00,12,3,3305.93,9917.79,0
ORD-00328,R008,SKU-0021,North,2026-06-29 18:00:00,2026-06-30 06:24:19,12,5,2639.56,13197.8,0
ORD-00318,R011,SKU-0039,West,2026-07-04 08:00:00,2026-07-06 08:56:33,24,7,578.61,4050.27,0
ORD-00811,R003,SKU-0046,North,2026-08-06 15:00:00,2026-08-07 03:08:54,6,3,2725.54,8176.62,1
ORD-00409,R003,SKU-0052,North,2026-08-11 18:00:00,2026-08-12 09:21:43,12,2,2960.29,5920.58,0
ORD-00665,R008,SKU-0043,North,2026-08-20 04:00:00,2026-08-20 22:34:43,24,2,1785.64,3571.28,1
ORD-00961,R007,SKU-0038,South,2026-08-06 18:00:00,2026-08-07 09:14:08,12,6,2082.86,12497.16,0
ORD-01091,R013,SKU-0005,Central,2026-06-10 01:00:00,2026-06-11 07:49:39,24,6,1092.06,6552.36,0
ORD-01028,R009,SKU-0001,Central,2026-08-22 13:00:00,2026-08-23 16:23:35,6,4,686.15,2744.6,0
ORD-00448,R003,SKU-0046,North,2026-06-18 15:00:00,2026-06-19 08:21:17,12,3,1487.17,4461.51,0
ORD-00761,R001,SKU-0049,West,2026-08-09 19:00:00,2026-08-11 05:39:37,24,4,599.59,2398.36,0
ORD-00149,R015,SKU-0015,East,2026-06-19 15:00:00,2026-06-20 09:48:28,24,6,3287.11,19722.66,0
ORD-00452,R011,SKU-0008,West,2026-08-23 21:00:00,2026-08-25 05:27:08,12,6,1124.3,6745.8,1
ORD-01085,R002,SKU-0004,East,2026-07-01 04:00:00,2026-07-02 21:34:23,12,7,243.75,1706.25,0
ORD-01154,R007,SKU-0004,South,2026-06-14 17:00:00,2026-06-15 19:06:43,24,2,2797.42,5594.84,1
ORD-00956,R014,SKU-0058,East,2026-07-14 14:00:00,2026-07-15 00:41:33,6,3,313.93,941.79,0
ORD-00366,R015,SKU-0012,East,2026-08-27 16:00:00,2026-08-28 16:40:59,24,5,3121.53,15607.65,0
ORD-00861,R003,SKU-0038,North,2026-08-24 15:00:00,2026-08-25 02:14:02,6,5,302.57,1512.85,0
ORD-00507,R014,SKU-0032,East,2026-08-15 07:00:00,2026-08-16 10:01:35,24,2,1239.06,2478.12,0
ORD-00796,R010,SKU-0035,West,2026-07-12 04:00:00,2026-07-13 12:23:22,12,6,2767.37,16604.22,0
ORD-00791,R011,SKU-0038,West,2026-08-02 11:00:00,2026-08-04 16:45:45,24,6,3185.82,19114.92,1
ORD-00191,R003,SKU-0008,North,2026-07-23 02:00:00,2026-07-24 09:35:52,24,4,1237.93,4951.72,1
ORD-00475,R010,SKU-0039,West,2026-08-01 16:00:00,2026-08-03 11:17:58,48,5,2708.74,13543.7,0
ORD-00233,R008,SKU-0046,North,2026-07-20 11:00:00,2026-07-22 06:53:33,48,5,2887.29,14436.45,0
ORD-00670,R012,SKU-0043,East,2026-08-11 08:00:00,2026-08-11 11:09:10,6,1,3091.06,3091.06,0
ORD-00891,R012,SKU-0022,East,2026-07-23 21:00:00,2026-07-23 22:24:07,6,5,1623.99,8119.95,0
ORD-01186,R015,SKU-0052,East,2026-06-24 07:00:00,2026-06-24 12:33:55,6,6,2969.32,17815.92,0
ORD-00159,R001,SKU-0022,West,2026-08-08 12:00:00,2026-08-09 10:07:43,24,6,2221.65,13329.9,0
ORD-00316,R004,SKU-0056,Central,2026-08-07 16:00:00,2026-08-08 19:07:00,12,4,167.36,669.44,0
ORD-00257,R008,SKU-0010,North,2026-07-04 00:00:00,2026-07-05 07:40:56,12,4,3415.44,13661.76,0
ORD-00741,R005,SKU-0043,East,2026-08-15 07:00:00,2026-08-16 02:38:35,24,6,2143.23,12859.38,0
ORD-00097,R007,SKU-0037,South,2026-06-09 07:00:00,2026-06-11 06:23:53,48,1,1462.9,1462.9,0
ORD-01169,R003,SKU-0026,North,2026-07-15 04:00:00,2026-07-16 02:43:50,24,5,1050.57,5252.85,0
ORD-00734,R002,SKU-0034,East,2026-07-06 18:00:00,2026-07-09 16:06:47,48,2,3363.99,6727.98,0
ORD-00385,R004,SKU-0010,Central,2026-06-10 05:00:00,2026-06-12 07:32:02,24,4,620.21,2480.84,0
ORD-01161,R013,SKU-0010,Central,2026-07-02 12:00:00,2026-07-02 13:26:05,6,5,2472.14,12360.7,1
ORD-00178,R004,SKU-0053,Central,2026-06-17 01:00:00,2026-06-17 19:21:02,24,1,3485.25,3485.25,0
ORD-00329,R004,SKU-0022,Central,2026-08-27 07:00:00,2026-08-27 13:41:22,6,3,3170.27,9510.81,1
ORD-00315,R005,SKU-0024,East,2026-06-14 00:00:00,2026-06-14 17:00:44,12,4,332.72,1330.88,0
ORD-00358,R002,SKU-0001,East,2026-08-14 02:00:00,2026-08-15 08:57:38,24,2,153.2,306.4,0
ORD-00348,R012,SKU-0029,East,2026-08-08 21:00:00,2026-08-10 18:34:59,48,2,3455.49,6910.98,0
ORD-00468,R013,SKU-0033,Central,2026-06-18 10:00:00,2026-06-20 19:27:08,48,1,1563.76,1563.76,0
ORD-00299,R005,SKU-0020,East,2026-07-04 18:00:00,2026-07-05 07:27:40,24,2,1361.26,2722.52,0
ORD-00542,R005,SKU-0022,East,2026-06-23 05:00:00,2026-06-23 15:07:48,12,3,2881.14,8643.42,0
ORD-00889,R012,SKU-0054,East,2026-06-20 20:00:00,2026-06-21 13:45:59,12,6,1132.07,6792.42,0
ORD-01116,R007,SKU-0059,South,2026-07-08 10:00:00,2026-07-09 02:51:25,24,5,1961.01,9805.05,0
ORD-00907,R003,SKU-0035,North,2026-08-03 05:00:00,2026-08-03 13:30:07,12,7,1379.35,9655.45,0
ORD-00790,R008,SKU-0050,North,2026-08-16 13:00:00,2026-08-17 02:03:45,12,7,278.7,1950.9,1
ORD-01021,R013,SKU-0014,Central,2026-06-08 18:00:00,2026-06-09 02:57:38,6,6,903.05,5418.3,0
ORD-00250,R001,SKU-0017,West,2026-08-27 13:00:00,2026-08-27 23:42:58,12,5,1557.42,7787.1,0
ORD-00778,R009,SKU-0021,Central,2026-08-26 08:00:00,2026-08-27 10:02:33,24,2,953.76,1907.52,0
ORD-00016,R012,SKU-0048,East,2026-07-10 05:00:00,2026-07-11 00:48:52,24,1,2019.14,2019.14,0
ORD-00160,R005,SKU-0042,East,2026-07-15 07:00:00,2026-07-17 19:07:25,48,2,1012.52,2025.04,0
ORD-00707,R003,SKU-0047,North,2026-07-28 14:00:00,2026-07-30 00:57:26,24,1,1324.24,1324.24,0
ORD-00591,R010,SKU-0049,West,2026-08-02 09:00:00,2026-08-04 05:20:21,48,2,225.06,450.12,1
ORD-00361,R009,SKU-0043,Central,2026-06-12 12:00:00,2026-06-13 10:59:57,24,4,565.02,2260.08,0
ORD-00049,R015,SKU-0028,East,2026-07-13 20:00:00,2026-07-14 02:06:04,12,1,1419.75,1419.75,0
ORD-00931,R006,SKU-0015,East,2026-08-22 18:00:00,2026-08-23 12:48:41,12,5,2072.44,10362.2,0
ORD-00331,R011,SKU-0041,West,2026-07-16 20:00:00,2026-07-17 14:14:10,12,5,1920.72,9603.6,0
ORD-00654,R009,SKU-0058,Central,2026-07-14 04:00:00,2026-07-15 03:17:08,24,4,3392.96,13571.84,1
ORD-00472,R012,SKU-0034,East,2026-07-09 22:00:00,2026-07-10 04:39:40,12,1,3004.19,3004.19,1
ORD-00113,R015,SKU-0017,East,2026-07-05 07:00:00,2026-07-07 09:19:06,24,4,1841.66,7366.64,0
ORD-00339,R012,SKU-0030,East,2026-06-12 15:00:00,2026-06-13 09:34:16,24,2,3421.42,6842.84,1
ORD-00308,R006,SKU-0055,East,2026-08-25 11:00:00,2026-08-26 04:43:33,12,6,3395.53,20373.18,0
ORD-01015,R010,SKU-0005,West,2026-06-13 09:00:00,2026-06-13 16:43:18,12,7,2405.29,16837.03,0
ORD-00423,R009,SKU-0011,Central,2026-07-04 03:00:00,2026-07-04 05:11:38,6,1,1032.69,1032.69,0
ORD-01010,R006,SKU-0010,East,2026-06-19 15:00:00,2026-06-20 13:26:19,24,7,1663.15,11642.05,0
ORD-01075,R013,SKU-0022,Central,2026-08-16 11:00:00,2026-08-16 15:06:35,12,1,2309.46,2309.46,0
ORD-00830,R008,SKU-0005,North,2026-07-12 20:00:00,2026-07-15 03:14:58,48,1,780.55,780.55,0
ORD-00767,R013,SKU-0009,Central,2026-07-30 20:00:00,2026-07-30 22:21:02,6,6,3219.76,19318.56,0
ORD-00827,R001,SKU-0016,West,2026-06-04 15:00:00,2026-06-05 09:06:06,12,7,230.57,1613.99,0
ORD-00715,R012,SKU-0051,East,2026-06-02 21:00:00,2026-06-04 01:41:13,24,1,580.6,580.6,0
ORD-00396,R015,SKU-0016,East,2026-08-06 17:00:00,2026-08-08 14:23:45,24,6,1580.5,9483.0,0
ORD-00692,R006,SKU-0039,East,2026-07-26 08:00:00,2026-07-27 02:17:17,12,1,767.1,767.1,0
ORD-00549,R003,SKU-0024,North,2026-07-08 20:00:00,2026-07-08 21:23:53,12,7,813.77,5696.39,1
ORD-00128,R007,SKU-0007,South,2026-07-15 06:00:00,2026-07-16 02:28:51,24,2,1514.29,3028.58,0
ORD-00621,R007,SKU-0030,South,2026-06-23 19:00:00,2026-06-24 05:22:39,12,5,633.91,3169.55,1
ORD-01083,R010,SKU-0015,West,2026-08-16 05:00:00,2026-08-16 05:30:00,6,1,3195.15,3195.15,0
ORD-00519,R014,SKU-0003,East,2026-08-28 06:00:00,2026-08-28 18:51:19,6,7,1057.39,7401.73,0
ORD-00948,R003,SKU-0018,North,2026-08-18 00:00:00,2026-08-18 04:18:42,6,7,1221.62,8551.34,0
ORD-00450,R009,SKU-0044,Central,2026-06-29 12:00:00,2026-07-01 16:23:02,24,7,3351.02,23457.14,0
ORD-00238,R010,SKU-0008,West,2026-06-11 17:00:00,2026-06-12 16:04:09,24,2,2652.76,5305.52,0
ORD-00168,R014,SKU-0045,East,2026-06-09 21:00:00,2026-06-10 06:43:11,12,4,2502.05,10008.2,0
ORD-00611,R009,SKU-0011,Central,2026-08-12 04:00:00,2026-08-12 20:55:00,12,7,594.64,4162.48,0
ORD-00699,R013,SKU-0003,Central,2026-08-04 07:00:00,2026-08-04 12:01:46,12,4,2965.14,11860.56,1
ORD-00081,R008,SKU-0030,North,2026-07-30 11:00:00,2026-07-31 14:58:18,24,2,3198.42,6396.84,0
ORD-00415,R006,SKU-0056,East,2026-07-25 02:00:00,2026-07-25 19:14:44,12,1,1059.74,1059.74,1
ORD-00649,R008,SKU-0034,North,2026-06-11 09:00:00,2026-06-11 15:50:04,6,6,273.45,1640.7,0
ORD-00301,R010,SKU-0021,West,2026-06-09 07:00:00,2026-06-10 14:43:15,24,4,3336.59,13346.36,0
ORD-01141,R012,SKU-0054,East,2026-06-11 11:00:00,2026-06-12 08:45:28,6,2,989.79,1979.58,0
ORD-00325,R002,SKU-0007,East,2026-06-28 16:00:00,2026-06-30 15:33:04,48,3,1461.14,4383.42,0
ORD-00906,R008,SKU-0056,North,2026-07-24 16:00:00,2026-07-25 19:19:25,24,2,210.74,421.48,1
ORD-00216,R008,SKU-0028,North,2026-08-12 06:00:00,2026-08-14 15:13:41,48,1,2188.86,2188.86,0
ORD-00664,R010,SKU-0047,West,2026-08-06 22:00:00,2026-08-06 22:30:00,6,2,2301.98,4603.96,0
ORD-00031,R003,SKU-0050,North,2026-08-10 15:00:00,2026-08-11 06:41:50,12,2,560.02,1120.04,0
ORD-00243,R001,SKU-0016,West,2026-08-05 01:00:00,2026-08-05 13:32:27,12,4,3117.25,12469.0,1
ORD-00852,R007,SKU-0047,South,2026-07-19 07:00:00,2026-07-19 12:05:25,12,2,784.25,1568.5,0
ORD-01189,R008,SKU-0058,North,2026-08-14 13:00:00,2026-08-15 22:02:16,6,6,280.38,1682.28,1
ORD-00972,R007,SKU-0011,South,2026-06-22 13:00:00,2026-06-22 19:59:37,6,5,2475.69,12378.45,1
ORD-00210,R009,SKU-0003,Central,2026-07-10 09:00:00,2026-07-11 10:43:16,24,5,1482.55,7412.75,0
ORD-00717,R011,SKU-0030,West,2026-07-11 10:00:00,2026-07-13 09:34:32,48,3,901.19,2703.57,0
ORD-00753,R002,SKU-0015,East,2026-08-20 21:00:00,2026-08-21 01:51:52,6,5,775.53,3877.65,0
ORD-00929,R004,SKU-0052,Central,2026-08-19 07:00:00,2026-08-22 04:01:46,48,1,3448.16,3448.16,0
ORD-00436,R004,SKU-0057,Central,2026-08-29 07:00:00,2026-08-30 07:48:46,6,4,1280.56,5122.24,0
ORD-00028,R012,SKU-0033,East,2026-08-12 16:00:00,2026-08-15 01:08:26,24,4,934.25,3737.0,0
ORD-01071,R013,SKU-0032,Central,2026-07-14 05:00:00,2026-07-15 03:38:00,24,2,3201.35,6402.7,1
ORD-00669,R011,SKU-0030,West,2026-06-25 00:00:00,2026-06-25 09:20:59,12,7,1104.93,7734.51,0
ORD-00123,R006,SKU-0036,East,2026-06-11 15:00:00,2026-06-12 11:23:28,24,2,2011.0,4022.0,0
ORD-01176,R012,SKU-0039,East,2026-06-22 19:00:00,2026-06-23 17:58:50,24,3,870.24,2610.72,1
ORD-00463,R012,SKU-0035,East,2026-06-11 02:00:00,2026-06-13 01:04:09,48,2,2417.19,4834.38,0
ORD-01038,R008,SKU-0028,North,2026-06-18 11:00:00,2026-06-18 19:15:05,6,6,1606.65,9639.9,0
ORD-01129,R014,SKU-0035,East,2026-08-08 12:00:00,2026-08-09 02:40:43,12,1,2843.97,2843.97,0
ORD-00612,R006,SKU-0009,East,2026-07-07 14:00:00,2026-07-08 17:59:42,24,2,3273.81,6547.62,1
ORD-00970,R002,SKU-0018,East,2026-08-03 16:00:00,2026-08-04 00:51:12,12,5,1245.97,6229.85,0
ORD-00743,R009,SKU-0018,Central,2026-06-10 16:00:00,2026-06-12 20:00:37,48,6,2949.15,17694.9,0
ORD-00733,R008,SKU-0032,North,2026-06-10 03:00:00,2026-06-10 17:00:04,12,6,195.82,1174.92,0
ORD-00509,R010,SKU-0032,West,2026-06-05 21:00:00,2026-06-07 02:52:22,24,6,1611.99,9671.94,0
ORD-00203,R013,SKU-0010,Central,2026-08-10 09:00:00,2026-08-10 16:00:01,12,3,1825.23,5475.69,0
ORD-00404,R004,SKU-0043,Central,2026-07-30 21:00:00,2026-07-31 02:20:55,6,1,912.93,912.93,0
ORD-00636,R012,SKU-0022,East,2026-08-01 01:00:00,2026-08-03 19:25:36,48,3,573.48,1720.44,1
ORD-01191,R004,SKU-0060,Central,2026-06-04 04:00:00,2026-06-05 07:20:43,24,4,1824.86,7299.44,1
ORD-00363,R006,SKU-0047,East,2026-08-23 14:00:00,2026-08-25 16:20:56,48,3,2246.81,6740.43,0
ORD-00272,R009,SKU-0016,Central,2026-08-29 15:00:00,2026-08-30 17:41:56,24,7,1431.81,10022.67,0
ORD-00467,R007,SKU-0028,South,2026-06-05 17:00:00,2026-06-06 00:04:07,12,1,673.35,673.35,0
ORD-00650,R010,SKU-0053,West,2026-08-10 08:00:00,2026-08-10 13:25:28,6,4,1466.15,5864.6,1
ORD-01072,R006,SKU-0036,East,2026-07-18 07:00:00,2026-07-20 11:37:59,48,4,2785.71,11142.84,1
ORD-00755,R012,SKU-0021,East,2026-06-03 07:00:00,2026-06-03 17:38:05,12,6,691.1,4146.6,1
ORD-00273,R007,SKU-0015,South,2026-08-24 19:00:00,2026-08-25 16:57:00,6,1,2742.55,2742.55,0
ORD-00278,R007,SKU-0047,South,2026-06-27 12:00:00,2026-06-28 00:42:46,12,4,2144.57,8578.28,0
ORD-01070,R015,SKU-0010,East,2026-06-30 13:00:00,2026-06-30 19:20:27,12,1,2884.41,2884.41,0
ORD-00013,R009,SKU-0002,Central,2026-06-29 05:00:00,2026-06-29 08:19:24,6,1,1331.91,1331.91,0
ORD-00957,R006,SKU-0056,East,2026-06-16 01:00:00,2026-06-16 16:11:25,24,7,2958.34,20708.38,1
ORD-00840,R005,SKU-0010,East,2026-07-24 17:00:00,2026-07-24 22:37:24,6,3,348.87,1046.61,1
ORD-00211,R011,SKU-0030,West,2026-08-24 19:00:00,2026-08-25 07:31:02,24,3,2836.11,8508.33,0
ORD-00579,R014,SKU-0027,East,2026-08-12 03:00:00,2026-08-13 11:27:33,24,5,1871.69,9358.45,0
ORD-00973,R011,SKU-0032,West,2026-07-25 04:00:00,2026-07-27 17:39:51,48,7,1000.51,7003.57,0
ORD-00148,R001,SKU-0028,West,2026-08-03 13:00:00,2026-08-04 01:16:25,6,3,2355.11,7065.33,0
ORD-00443,R013,SKU-0005,Central,2026-06-06 08:00:00,2026-06-07 02:30:31,24,7,3152.87,22070.09,0
ORD-00300,R009,SKU-0005,Central,2026-08-19 03:00:00,2026-08-20 01:33:40,24,2,983.34,1966.68,0
ORD-00376,R012,SKU-0025,East,2026-08-26 04:00:00,2026-08-26 21:20:05,12,1,1858.54,1858.54,0
ORD-00644,R014,SKU-0011,East,2026-06-22 10:00:00,2026-06-23 21:25:52,24,3,3062.38,9187.14,1
ORD-00779,R001,SKU-0002,West,2026-06-22 21:00:00,2026-06-23 23:44:37,12,6,1202.46,7214.76,1
ORD-00592,R010,SKU-0057,West,2026-07-16 02:00:00,2026-07-17 03:47:52,12,3,2034.14,6102.42,0
ORD-00473,R001,SKU-0021,West,2026-07-24 08:00:00,2026-07-24 23:11:17,24,3,2575.31,7725.93,0
ORD-00563,R012,SKU-0044,East,2026-06-27 07:00:00,2026-06-27 23:58:54,24,4,2769.52,11078.08,1
ORD-01090,R007,SKU-0042,South,2026-07-17 17:00:00,2026-07-18 06:39:47,6,2,1003.28,2006.56,0
ORD-00389,R004,SKU-0029,Central,2026-07-08 12:00:00,2026-07-09 03:20:07,12,1,191.33,191.33,0
ORD-00023,R006,SKU-0013,East,2026-08-01 15:00:00,2026-08-01 15:35:37,6,1,1086.12,1086.12,0
ORD-00524,R012,SKU-0023,East,2026-07-27 11:00:00,2026-07-28 04:19:39,6,6,587.75,3526.5,0
ORD-00879,R002,SKU-0027,East,2026-07-09 12:00:00,2026-07-09 12:30:00,12,2,2398.79,4797.58,0
ORD-00424,R013,SKU-0012,Central,2026-08-23 08:00:00,2026-08-24 05:48:48,24,7,1754.25,12279.75,0
ORD-00958,R004,SKU-0015,Central,2026-08-05 21:00:00,2026-08-06 19:36:20,24,3,1854.73,5564.19,0
ORD-00721,R005,SKU-0036,East,2026-06-27 00:00:00,2026-06-27 16:14:20,24,1,2623.37,2623.37,0
ORD-00652,R008,SKU-0001,North,2026-08-04 08:00:00,2026-08-04 19:34:04,12,1,2597.87,2597.87,0
ORD-00284,R007,SKU-0007,South,2026-06-09 22:00:00,2026-06-12 06:36:57,24,7,1115.5,7808.5,1
ORD-00143,R009,SKU-0041,Central,2026-06-09 10:00:00,2026-06-10 04:53:22,12,5,794.07,3970.35,0
ORD-00051,R005,SKU-0024,East,2026-07-21 04:00:00,2026-07-21 21:58:23,12,4,583.19,2332.76,0
ORD-00675,R012,SKU-0039,East,2026-06-15 07:00:00,2026-06-17 21:49:51,48,2,1747.06,3494.12,0
ORD-00738,R015,SKU-0011,East,2026-08-01 03:00:00,2026-08-01 18:20:22,12,5,2712.71,13563.55,0
ORD-00082,R011,SKU-0048,West,2026-06-12 07:00:00,2026-06-14 07:05:48,48,2,1618.43,3236.86,1
ORD-00483,R011,SKU-0035,West,2026-08-18 14:00:00,2026-08-18 14:30:00,6,2,2643.32,5286.64,1
ORD-00322,R003,SKU-0047,North,2026-06-05 15:00:00,2026-06-07 14:19:11,48,6,2819.59,16917.54,1
ORD-00969,R009,SKU-0022,Central,2026-07-04 02:00:00,2026-07-04 22:16:16,24,6,3215.18,19291.08,0
ORD-00697,R011,SKU-0004,West,2026-08-28 21:00:00,2026-08-29 18:10:30,24,3,3250.25,9750.75,1
ORD-01149,R006,SKU-0026,East,2026-07-29 19:00:00,2026-08-01 00:37:30,48,1,2086.43,2086.43,1
ORD-00067,R006,SKU-0044,East,2026-06-20 03:00:00,2026-06-21 00:32:12,24,7,1261.85,8832.95,0
ORD-00927,R009,SKU-0022,Central,2026-08-06 00:00:00,2026-08-08 06:31:29,48,2,2160.0,4320.0,0
ORD-00680,R010,SKU-0004,West,2026-07-20 22:00:00,2026-07-22 00:36:41,24,4,3342.37,13369.48,1
ORD-00749,R015,SKU-0033,East,2026-07-29 13:00:00,2026-07-30 08:35:40,12,5,812.64,4063.2,0
ORD-00418,R008,SKU-0014,North,2026-08-07 15:00:00,2026-08-08 03:39:07,12,5,1757.48,8787.4,0
ORD-00890,R014,SKU-0025,East,2026-08-25 21:00:00,2026-08-25 21:30:00,12,7,553.05,3871.35,0
ORD-00065,R014,SKU-0044,East,2026-07-10 09:00:00,2026-07-11 12:14:48,24,4,2149.41,8597.64,0
ORD-01059,R002,SKU-0012,East,2026-08-08 18:00:00,2026-08-10 01:28:19,24,1,1617.84,1617.84,0
ORD-00902,R013,SKU-0050,Central,2026-06-09 02:00:00,2026-06-09 19:49:44,24,7,179.19,1254.33,0
ORD-00706,R008,SKU-0058,North,2026-08-19 15:00:00,,6,7,1576.44,11035.08,0
ORD-00492,R002,SKU-0057,East,2026-06-21 11:00:00,2026-06-22 01:22:42,12,7,3271.24,22898.68,0
ORD-01123,R001,SKU-0020,West,2026-08-28 06:00:00,2026-08-29 09:03:51,24,5,2613.36,13066.8,1
ORD-00802,R008,SKU-0048,North,2026-07-19 10:00:00,2026-07-20 01:49:39,24,5,1447.48,7237.4,0
ORD-00066,R008,SKU-0057,North,2026-08-28 12:00:00,2026-08-28 19:02:04,12,7,2804.91,19634.37,0
ORD-01099,R014,SKU-0044,East,2026-06-16 09:00:00,2026-06-18 13:23:50,48,2,460.3,920.6,0
ORD-01081,R001,SKU-0038,West,2026-07-23 08:00:00,2026-07-24 04:31:35,12,4,2993.25,11973.0,1
ORD-00979,R003,SKU-0009,North,2026-08-26 11:00:00,2026-08-26 17:10:48,6,3,895.19,2685.57,0
ORD-00297,R007,SKU-0059,South,2026-07-30 08:00:00,,6,4,2050.65,8202.6,0
ORD-00420,R013,SKU-0027,Central,2026-06-27 03:00:00,2026-06-27 15:30:23,24,6,2953.78,17722.68,0
ORD-00439,R002,SKU-0052,East,2026-08-13 16:00:00,2026-08-15 03:03:10,24,7,2107.71,14753.97,0
ORD-00262,R007,SKU-0019,South,2026-08-26 03:00:00,2026-08-27 17:21:21,24,4,2307.26,9229.04,0
ORD-00704,R007,SKU-0018,South,2026-06-25 01:00:00,2026-06-25 09:00:34,12,2,415.39,830.78,0
ORD-00282,R014,SKU-0026,East,2026-06-14 20:00:00,2026-06-14 22:03:55,6,5,2551.7,12758.5,0
ORD-01110,R011,SKU-0001,West,2026-07-08 04:00:00,2026-07-09 23:28:33,24,4,1841.46,7365.84,0
ORD-00686,R010,SKU-0047,West,2026-06-16 19:00:00,2026-06-17 11:37:27,12,7,1075.04,7525.28,0
ORD-00189,R010,SKU-0037,West,2026-08-23 01:00:00,2026-08-23 02:06:18,6,5,3184.29,15921.45,0
ORD-00921,R005,SKU-0058,East,2026-07-27 18:00:00,2026-07-27 23:56:46,12,5,2867.47,14337.35,0
ORD-00252,R003,SKU-0017,North,2026-06-22 07:00:00,2026-06-22 15:29:19,12,7,1268.4,8878.8,1
ORD-00705,R006,SKU-0037,East,2026-08-16 18:00:00,2026-08-17 11:37:27,12,1,3356.68,3356.68,0
ORD-00515,R005,SKU-0037,East,2026-08-15 17:00:00,2026-08-17 23:07:38,48,2,1238.52,2477.04,0
ORD-00599,R014,SKU-0006,East,2026-06-09 21:00:00,2026-06-10 04:15:47,6,1,3226.51,3226.51,1
ORD-00488,R008,SKU-0026,North,2026-07-15 00:00:00,,6,1,2114.28,2114.28,0
ORD-00274,R005,SKU-0015,East,2026-06-17 11:00:00,2026-06-17 12:47:58,6,2,2573.84,5147.68,0
ORD-00963,R001,SKU-0007,West,2026-06-02 06:00:00,2026-06-02 12:23:22,6,1,158.64,158.64,0
ORD-01084,R009,SKU-0018,Central,2026-07-05 14:00:00,2026-07-05 18:10:50,6,2,553.47,1106.94,0
ORD-00449,R002,SKU-0007,East,2026-08-14 16:00:00,2026-08-15 19:19:33,24,6,172.72,1036.32,0
ORD-00412,R005,SKU-0025,East,2026-07-01 09:00:00,2026-07-02 05:08:19,24,2,2269.15,4538.3,0
ORD-00857,R013,SKU-0042,Central,2026-08-02 22:00:00,2026-08-05 00:54:38,48,7,727.42,5091.94,0
ORD-00752,R011,SKU-0016,West,2026-08-01 14:00:00,2026-08-02 07:49:59,6,1,2658.32,2658.32,0
ORD-00937,R011,SKU-0060,West,2026-08-11 17:00:00,2026-08-13 00:27:38,12,7,3153.48,22074.36,1
ORD-00953,R006,SKU-0032,East,2026-06-26 21:00:00,2026-06-27 00:54:39,6,6,335.01,2010.06,1
ORD-00150,R011,SKU-0017,West,2026-08-04 05:00:00,2026-08-04 07:16:06,12,6,1791.12,10746.72,1
ORD-00219,R006,SKU-0006,East,2026-06-30 07:00:00,2026-06-30 13:02:34,12,4,1227.96,4911.84,0
ORD-00240,R005,SKU-0057,East,2026-06-22 05:00:00,2026-06-24 13:47:49,48,7,2383.13,16681.91,1
ORD-01013,R003,SKU-0008,North,2026-08-29 18:00:00,2026-08-30 20:23:38,24,7,2945.25,20616.75,0
ORD-00193,R003,SKU-0010,North,2026-07-02 08:00:00,2026-07-04 02:03:12,48,3,1337.62,4012.86,0
ORD-00192,R012,SKU-0055,East,2026-07-11 14:00:00,2026-07-13 05:14:02,12,7,1920.31,13442.17,1
ORD-00817,R005,SKU-0058,East,2026-08-03 07:00:00,2026-08-03 21:34:25,12,6,222.54,1335.24,1
ORD-01171,R009,SKU-0003,Central,2026-08-28 20:00:00,2026-08-29 11:29:13,12,7,2159.56,15116.92,0
ORD-01109,R003,SKU-0014,North,2026-07-11 09:00:00,2026-07-14 19:01:15,48,5,1137.1,5685.5,0
ORD-00875,R003,SKU-0005,North,2026-06-26 19:00:00,2026-06-27 02:58:59,6,5,333.03,1665.15,1
ORD-00604,R005,SKU-0033,East,2026-07-18 16:00:00,2026-07-20 01:45:51,24,6,1464.6,8787.6,1
ORD-00944,R014,SKU-0002,East,2026-06-04 06:00:00,2026-06-06 05:47:30,48,5,1134.16,5670.8,1
ORD-00719,R005,SKU-0013,East,2026-08-14 14:00:00,2026-08-15 18:33:00,24,4,197.61,790.44,0
ORD-00583,R014,SKU-0031,East,2026-07-27 13:00:00,2026-07-29 19:10:05,48,1,313.68,313.68,0
ORD-01119,R007,SKU-0059,South,2026-08-03 05:00:00,2026-08-03 15:54:45,12,1,1826.9,1826.9,0
ORD-00324,R013,SKU-0046,Central,2026-06-26 19:00:00,2026-06-27 23:14:21,24,4,2612.06,10448.24,0
ORD-00935,R013,SKU-0006,Central,2026-07-17 03:00:00,2026-07-18 03:59:35,24,6,368.37,2210.22,1
ORD-01000,R012,SKU-0024,East,2026-07-13 04:00:00,2026-07-13 12:59:46,12,7,3283.42,22983.94,0
ORD-00667,R011,SKU-0037,West,2026-08-08 05:00:00,2026-08-09 02:17:34,24,6,3171.42,19028.52,0
ORD-00438,R002,SKU-0007,East,2026-08-15 20:00:00,2026-08-17 19:18:08,48,7,3359.03,23513.21,1
ORD-00782,R011,SKU-0012,West,2026-06-23 16:00:00,2026-06-23 20:52:10,12,5,3351.99,16759.95,0
ORD-00846,R011,SKU-0009,West,2026-08-18 17:00:00,2026-08-19 04:13:06,6,1,1364.93,1364.93,0
ORD-00342,R001,SKU-0046,West,2026-08-27 18:00:00,2026-08-29 10:24:48,48,2,965.34,1930.68,0
ORD-00003,R004,SKU-0041,Central,2026-06-21 17:00:00,2026-06-23 05:14:05,48,2,609.61,1219.22,0
ORD-00230,R002,SKU-0047,East,2026-07-19 13:00:00,2026-07-20 06:34:56,12,1,2480.88,2480.88,0
ORD-01140,R012,SKU-0053,East,2026-06-07 08:00:00,2026-06-08 00:03:30,24,5,2499.71,12498.55,1
ORD-01164,R004,SKU-0002,Central,2026-06-27 19:00:00,2026-06-28 11:53:30,24,3,1023.47,3070.41,1
ORD-00077,R002,SKU-0060,East,2026-06-26 09:00:00,2026-06-26 10:47:00,6,1,2467.94,2467.94,1
ORD-01114,R004,SKU-0027,Central,2026-07-21 21:00:00,2026-07-24 04:55:58,48,3,2472.01,7416.03,0
ORD-00372,R003,SKU-0017,North,2026-06-29 07:00:00,2026-06-30 00:13:54,12,7,3372.56,23607.92,1
ORD-00181,R002,SKU-0041,East,2026-06-14 01:00:00,2026-06-15 14:08:32,48,3,1516.03,4548.09,0
ORD-00722,R006,SKU-0039,East,2026-08-27 12:00:00,2026-08-28 07:07:19,24,5,3015.7,15078.5,0
ORD-00578,R004,SKU-0010,Central,2026-06-19 10:00:00,2026-06-20 00:24:01,24,1,1941.62,1941.62,1
ORD-00747,R014,SKU-0017,East,2026-07-30 15:00:00,2026-07-31 11:50:27,24,2,473.35,946.7,0
ORD-00770,R010,SKU-0003,West,2026-06-01 06:00:00,2026-06-01 10:25:08,6,1,2541.71,2541.71,0
ORD-01032,R009,SKU-0054,Central,2026-06-22 07:00:00,2026-06-24 14:22:13,48,6,1581.87,9491.22,1
ORD-01022,R010,SKU-0031,West,2026-08-15 03:00:00,2026-08-15 14:45:28,12,2,978.53,1957.06,0
ORD-00656,R014,SKU-0012,East,2026-08-05 02:00:00,2026-08-05 05:02:47,6,7,1077.26,7540.82,0
ORD-00590,R013,SKU-0025,Central,2026-07-24 19:00:00,2026-07-25 06:14:59,12,2,1981.39,3962.78,0
ORD-00784,R015,SKU-0024,East,2026-07-31 09:00:00,2026-07-31 19:07:54,6,1,2599.4,2599.4,0
ORD-00825,R008,SKU-0045,North,2026-07-26 05:00:00,2026-07-27 09:13:29,24,7,1832.63,12828.41,0
ORD-00977,R001,SKU-0041,West,2026-07-03 12:00:00,2026-07-05 14:54:50,48,4,2495.86,9983.44,1
ORD-00898,R011,SKU-0051,West,2026-07-13 22:00:00,2026-07-15 04:03:16,24,2,2327.94,4655.88,0
ORD-00038,R014,SKU-0003,East,2026-07-21 17:00:00,2026-07-22 11:48:09,12,1,668.33,668.33,1
ORD-00354,R005,SKU-0011,East,2026-06-03 08:00:00,2026-06-03 17:53:07,6,2,2159.0,4318.0,0
ORD-01106,R002,SKU-0009,East,2026-07-25 04:00:00,2026-07-25 17:26:55,12,2,825.21,1650.42,0
ORD-00237,R007,SKU-0028,South,2026-07-31 05:00:00,2026-08-01 01:41:16,24,6,1390.6,8343.6,0
ORD-00946,R008,SKU-0003,North,2026-06-06 21:00:00,2026-06-07 00:36:54,6,1,2582.8,2582.8,1
ORD-00500,R005,SKU-0027,East,2026-06-01 17:00:00,2026-06-02 13:50:59,12,6,2613.74,15682.44,0
ORD-00554,R001,SKU-0045,West,2026-07-16 14:00:00,2026-07-17 09:35:27,12,6,240.08,1440.48,1
ORD-00056,R013,SKU-0023,Central,2026-07-21 10:00:00,2026-07-22 02:26:17,12,4,2668.89,10675.56,0
ORD-00303,R010,SKU-0042,West,2026-08-07 18:00:00,2026-08-08 10:19:22,24,2,240.92,481.84,1
ORD-00287,R004,SKU-0045,Central,2026-08-20 05:00:00,2026-08-21 03:33:44,24,2,3195.57,6391.14,0
ORD-00975,R005,SKU-0041,East,2026-06-11 09:00:00,2026-06-13 10:17:34,48,2,1439.75,2879.5,0
ORD-00220,R009,SKU-0037,Central,2026-07-20 09:00:00,2026-07-20 19:49:15,12,3,363.57,1090.71,0
ORD-00645,R012,SKU-0045,East,2026-07-24 12:00:00,2026-07-24 16:37:22,12,5,3402.29,17011.45,0
ORD-00388,R015,SKU-0013,East,2026-08-07 04:00:00,2026-08-10 00:48:30,24,2,721.3,1442.6,0
ORD-00748,R011,SKU-0009,West,2026-06-13 15:00:00,2026-06-15 08:15:01,48,2,503.83,1007.66,1
ORD-00391,R014,SKU-0052,East,2026-08-26 09:00:00,2026-08-26 17:47:34,6,6,357.13,2142.78,1
ORD-00353,R007,SKU-0038,South,2026-08-12 13:00:00,2026-08-12 22:52:56,6,5,1899.29,9496.45,0
ORD-00194,R009,SKU-0044,Central,2026-07-26 17:00:00,,24,1,1883.98,1883.98,0
ORD-00236,R007,SKU-0037,South,2026-07-30 07:00:00,2026-07-30 20:16:07,12,1,3457.59,3457.59,0
ORD-01132,R012,SKU-0039,East,2026-07-17 08:00:00,2026-07-18 11:56:27,24,3,896.45,2689.35,0
ORD-00481,R015,SKU-0016,East,2026-07-16 07:00:00,2026-07-17 07:23:15,24,7,2088.15,14617.05,0
ORD-00568,R004,SKU-0047,Central,2026-08-16 18:00:00,2026-08-17 11:53:28,24,3,2056.29,6168.87,1
ORD-00117,R006,SKU-0006,East,2026-07-27 12:00:00,2026-07-29 19:18:22,48,3,2984.97,8954.91,1
ORD-00878,R009,SKU-0015,Central,2026-07-26 19:00:00,2026-07-28 21:22:15,48,1,3112.1,3112.1,0
ORD-00978,R002,SKU-0013,East,2026-07-16 05:00:00,2026-07-16 05:30:00,6,4,2896.27,11585.08,0
ORD-01117,R006,SKU-0048,East,2026-06-26 04:00:00,2026-06-26 16:58:08,12,5,950.78,4753.9,0
ORD-00892,R012,SKU-0019,East,2026-07-25 07:00:00,2026-07-25 10:36:06,6,6,1140.81,6844.86,0
ORD-00789,R013,SKU-0013,Central,2026-08-09 16:00:00,2026-08-10 21:10:42,24,2,2067.64,4135.28,0
ORD-00121,R008,SKU-0026,North,2026-06-08 13:00:00,2026-06-09 18:25:53,24,6,2099.05,12594.3,1
ORD-01136,R007,SKU-0050,South,2026-07-27 12:00:00,2026-07-27 14:29:10,12,5,3316.02,16580.1,0
ORD-01011,R006,SKU-0041,East,2026-08-15 19:00:00,2026-08-15 19:51:01,12,6,2999.96,17999.76,0
ORD-01147,R006,SKU-0030,East,2026-07-20 17:00:00,2026-07-21 01:49:39,6,1,1676.58,1676.58,1
ORD-00063,R010,SKU-0043,West,2026-06-03 06:00:00,2026-06-04 17:47:22,12,6,3422.97,20537.82,0
ORD-00951,R011,SKU-0042,West,2026-06-06 14:00:00,2026-06-07 18:31:34,12,4,612.51,2450.04,0
ORD-00454,R009,SKU-0031,Central,2026-08-22 10:00:00,2026-08-24 16:34:34,48,4,1212.38,4849.52,0
ORD-00516,R003,SKU-0003,North,2026-08-12 13:00:00,2026-08-13 09:46:38,24,4,695.91,2783.64,0
ORD-00571,R008,SKU-0039,North,2026-06-30 14:00:00,2026-07-01 03:06:22,12,7,2897.22,20280.54,0
ORD-00224,R012,SKU-0014,East,2026-06-26 10:00:00,2026-06-27 14:56:32,24,5,3253.05,16265.25,0
ORD-00614,R014,SKU-0008,East,2026-07-11 01:00:00,2026-07-14 10:07:34,48,6,2821.33,16927.98,1
ORD-00222,R015,SKU-0045,East,2026-08-16 12:00:00,2026-08-17 17:00:53,12,5,667.31,3336.55,0
ORD-00682,R008,SKU-0037,North,2026-08-06 12:00:00,2026-08-09 06:55:41,48,4,1788.02,7152.08,1
ORD-00965,R007,SKU-0009,South,2026-08-14 20:00:00,2026-08-17 00:57:14,48,2,3329.93,6659.86,0
ORD-00466,R002,SKU-0047,East,2026-08-03 09:00:00,2026-08-04 10:27:37,24,6,2533.11,15198.66,0
ORD-00053,R001,SKU-0034,West,2026-08-08 01:00:00,2026-08-08 13:25:14,12,5,1454.64,7273.2,0
ORD-01104,R002,SKU-0045,East,2026-06-24 22:00:00,2026-06-24 22:30:00,6,5,821.62,4108.1,0
ORD-00486,R007,SKU-0014,South,2026-07-19 08:00:00,2026-07-19 20:37:47,24,1,796.83,796.83,1
ORD-01151,R002,SKU-0031,East,2026-08-27 12:00:00,2026-08-28 17:10:42,24,1,997.76,997.76,0
ORD-01163,R004,SKU-0041,Central,2026-06-12 15:00:00,2026-06-13 10:32:38,24,4,1280.78,5123.12,0
ORD-00156,R014,SKU-0008,East,2026-07-12 10:00:00,2026-07-13 15:43:29,6,6,2226.9,13361.4,1
ORD-00930,R009,SKU-0018,Central,2026-06-12 10:00:00,2026-06-13 16:58:48,12,7,1867.27,13070.89,0
ORD-00601,R004,SKU-0042,Central,2026-08-05 02:00:00,2026-08-06 03:19:54,24,7,952.08,6664.56,0
ORD-00888,R010,SKU-0050,West,2026-08-15 09:00:00,2026-08-16 08:12:29,12,5,3212.02,16060.1,0
ORD-00249,R014,SKU-0034,East,2026-08-22 03:00:00,2026-08-24 01:01:29,48,6,2799.85,16799.1,0
ORD-00442,R009,SKU-0006,Central,2026-08-19 14:00:00,2026-08-21 04:57:48,24,7,2851.89,19963.23,0
ORD-00996,R005,SKU-0040,East,2026-07-31 07:00:00,2026-08-02 02:59:11,48,3,2268.9,6806.7,0
ORD-01107,R014,SKU-0043,East,2026-08-23 10:00:00,2026-08-24 18:38:41,24,7,2517.38,17621.66,0
ORD-00543,R014,SKU-0013,East,2026-06-24 05:00:00,2026-06-24 06:31:23,6,4,378.68,1514.72,1
ORD-00118,R008,SKU-0003,North,2026-07-25 22:00:00,2026-07-26 09:30:59,6,3,1405.59,4216.77,0
ORD-00735,R003,SKU-0011,North,2026-08-29 14:00:00,2026-08-30 18:07:33,24,5,2078.28,10391.4,0
ORD-00629,R014,SKU-0054,East,2026-06-16 05:00:00,2026-06-18 01:12:51,48,2,2359.97,4719.94,1
ORD-00723,R010,SKU-0028,West,2026-07-12 22:00:00,2026-07-13 23:24:38,24,7,3159.09,22113.63,1
ORD-00934,R015,SKU-0013,East,2026-08-06 05:00:00,2026-08-06 15:07:15,12,7,2758.34,19308.38,0
ORD-00292,R015,SKU-0001,East,2026-07-13 22:00:00,2026-07-14 12:43:26,12,3,471.26,1413.78,0
ORD-01051,R013,SKU-0021,Central,2026-08-15 18:00:00,2026-08-15 22:17:43,6,2,1487.4,2974.8,0
ORD-00382,R002,SKU-0014,East,2026-06-14 19:00:00,2026-06-15 05:37:09,6,4,568.96,2275.84,0
ORD-00709,R011,SKU-0009,West,2026-06-11 17:00:00,2026-06-12 12:58:15,12,1,1419.43,1419.43,0
ORD-01197,R014,SKU-0017,East,2026-06-10 02:00:00,2026-06-11 03:51:14,24,3,2475.63,7426.89,0
ORD-00201,R008,SKU-0002,North,2026-07-14 06:00:00,2026-07-16 07:51:23,48,3,1322.97,3968.91,0
ORD-00597,R013,SKU-0054,Central,2026-07-26 04:00:00,2026-07-26 08:04:18,12,7,1348.62,9440.34,0
ORD-00997,R006,SKU-0008,East,2026-06-19 07:00:00,2026-06-20 06:33:32,24,5,1864.2,9321.0,0
ORD-01155,R008,SKU-0028,North,2026-06-26 06:00:00,2026-06-26 17:04:32,12,3,641.07,1923.21,1
ORD-01200,R007,SKU-0031,South,2026-08-08 02:00:00,2026-08-09 03:13:09,24,5,1025.39,5126.95,0
ORD-00702,R002,SKU-0025,East,2026-07-09 21:00:00,2026-07-10 08:48:59,6,3,1987.02,5961.06,1
ORD-00506,R012,SKU-0045,East,2026-06-09 01:00:00,2026-06-10 21:01:15,48,3,3239.82,9719.46,0
ORD-00349,R009,SKU-0029,Central,2026-07-23 00:00:00,2026-07-23 06:20:00,12,7,3432.24,24025.68,1
ORD-00936,R004,SKU-0010,Central,2026-06-25 16:00:00,2026-06-26 02:40:22,6,2,1230.84,2461.68,1
ORD-01034,R015,SKU-0060,East,2026-08-24 07:00:00,2026-08-25 06:18:28,24,3,756.19,2268.57,0
ORD-00341,R012,SKU-0002,East,2026-07-31 03:00:00,2026-08-02 14:02:51,48,1,2555.8,2555.8,0
ORD-00616,R006,SKU-0052,East,2026-08-29 04:00:00,2026-08-30 10:42:46,24,4,2073.81,8295.24,1
ORD-00155,R007,SKU-0007,South,2026-06-16 18:00:00,2026-06-16 22:04:36,6,6,3035.16,18210.96,0
ORD-01115,R003,SKU-0040,North,2026-06-01 20:00:00,2026-06-02 11:48:54,12,5,2986.16,14930.8,1
ORD-00774,R015,SKU-0023,East,2026-08-13 17:00:00,2026-08-14 08:16:48,12,1,2301.56,2301.56,0
ORD-01016,R014,SKU-0014,East,2026-07-16 09:00:00,2026-07-17 15:18:40,24,3,1403.05,4209.15,1
ORD-00288,R003,SKU-0054,North,2026-06-21 05:00:00,2026-06-21 13:11:34,6,5,1345.25,6726.25,0
ORD-00323,R002,SKU-0055,East,2026-06-18 16:00:00,2026-06-20 15:41:46,48,2,2958.34,5916.68,0
ORD-00832,R012,SKU-0009,East,2026-07-08 17:00:00,2026-07-09 23:00:39,24,4,1933.98,7735.92,0
ORD-00831,R003,SKU-0031,North,2026-08-03 06:00:00,2026-08-04 07:24:16,12,5,1636.7,8183.5,0
ORD-00808,R009,SKU-0044,Central,2026-07-11 07:00:00,2026-07-11 19:21:04,6,7,1834.7,12842.9,0
ORD-00083,R005,SKU-0029,East,2026-07-21 03:00:00,2026-07-21 12:14:01,12,7,422.97,2960.79,0
ORD-00805,R003,SKU-0022,North,2026-07-27 02:00:00,2026-07-28 02:31:03,24,1,1069.86,1069.86,0
ORD-00465,R009,SKU-0001,Central,2026-06-02 04:00:00,2026-06-03 00:12:38,12,6,929.65,5577.9,0
ORD-01049,R009,SKU-0011,Central,2026-06-22 15:00:00,2026-06-24 11:05:30,48,2,3042.67,6085.34,0
ORD-00768,R013,SKU-0036,Central,2026-08-21 17:00:00,2026-08-23 12:20:28,48,6,3098.19,18589.14,0
ORD-01180,R005,SKU-0036,East,2026-07-29 19:00:00,2026-07-30 11:51:28,24,3,2097.15,6291.45,1
ORD-00783,R012,SKU-0010,East,2026-06-06 16:00:00,2026-06-07 22:23:06,24,2,1953.92,3907.84,0
ORD-00334,R003,SKU-0040,North,2026-08-24 05:00:00,2026-08-25 12:44:22,24,4,2868.76,11475.04,0
ORD-00011,R007,SKU-0042,South,2026-08-03 01:00:00,2026-08-04 21:08:05,48,3,2912.02,8736.06,0
ORD-00471,R013,SKU-0056,Central,2026-06-05 22:00:00,2026-06-07 19:57:44,48,6,467.85,2807.1,0
ORD-00033,R007,SKU-0032,South,2026-07-30 05:00:00,2026-07-31 17:49:58,48,3,1805.43,5416.29,0
ORD-00794,R004,SKU-0036,Central,2026-07-11 07:00:00,2026-07-11 22:00:42,24,6,862.85,5177.1,0
ORD-00414,R006,SKU-0059,East,2026-08-08 21:00:00,2026-08-09 14:49:07,12,3,2648.05,7944.15,0
ORD-00581,R012,SKU-0038,East,2026-07-18 19:00:00,2026-07-19 19:11:18,12,4,2196.42,8785.68,1
ORD-00383,R002,SKU-0052,East,2026-07-28 20:00:00,2026-07-29 13:48:22,12,5,1432.46,7162.3,0
ORD-00986,R004,SKU-0060,Central,2026-08-09 00:00:00,2026-08-09 02:29:48,6,7,627.0,4389.0,0
ORD-00772,R007,SKU-0047,South,2026-06-15 10:00:00,2026-06-16 05:48:38,24,6,312.03,1872.18,0
ORD-01144,R012,SKU-0054,East,2026-08-12 06:00:00,2026-08-12 16:52:46,12,6,2006.2,12037.2,0
ORD-01023,R006,SKU-0050,East,2026-08-07 11:00:00,2026-08-07 21:49:44,24,2,2106.87,4213.74,0
ORD-01150,R009,SKU-0002,Central,2026-07-08 08:00:00,2026-07-08 11:59:25,6,3,1213.81,3641.43,1
ORD-00379,R001,SKU-0007,West,2026-06-03 13:00:00,2026-06-03 13:30:00,6,1,891.09,891.09,0
ORD-00090,R008,SKU-0009,North,2026-07-08 12:00:00,2026-07-09 13:16:13,24,5,3198.06,15990.3,0
ORD-01167,R001,SKU-0050,West,2026-08-09 00:00:00,2026-08-10 05:33:40,24,3,1246.14,3738.42,0
ORD-00602,R015,SKU-0009,East,2026-07-23 05:00:00,2026-07-24 13:18:08,24,3,2528.04,7584.12,0
ORD-00214,R011,SKU-0021,West,2026-07-19 02:00:00,2026-07-20 23:28:04,24,7,1575.74,11030.18,1
ORD-00333,R001,SKU-0048,West,2026-06-13 13:00:00,2026-06-14 02:03:15,12,6,1672.45,10034.7,0
ORD-00134,R012,SKU-0057,East,2026-06-24 00:00:00,2026-06-26 10:41:37,48,2,1913.07,3826.14,0
ORD-00347,R004,SKU-0036,Central,2026-08-02 00:00:00,2026-08-02 23:50:46,24,1,2003.8,2003.8,1
ORD-00922,R009,SKU-0019,Central,2026-07-18 06:00:00,2026-07-18 09:20:11,6,6,2214.26,13285.56,0
ORD-00008,R014,SKU-0022,East,2026-06-15 09:00:00,2026-06-15 14:02:27,12,5,2362.78,11813.9,0
ORD-01082,R003,SKU-0026,North,2026-06-11 09:00:00,2026-06-14 10:37:06,48,2,1572.03,3144.06,0
ORD-00321,R007,SKU-0036,South,2026-08-18 03:00:00,2026-08-19 04:48:48,24,6,1887.42,11324.52,1
ORD-01054,R006,SKU-0033,East,2026-07-21 00:00:00,2026-07-22 00:16:44,24,1,544.88,544.88,0
ORD-00188,R010,SKU-0057,West,2026-06-27 01:00:00,2026-06-27 15:17:15,12,5,878.39,4391.95,0
ORD-00993,R010,SKU-0005,West,2026-07-28 16:00:00,2026-07-29 05:21:18,12,5,1660.43,8302.15,0
ORD-00553,R015,SKU-0042,East,2026-07-04 22:00:00,2026-07-06 07:51:21,24,4,502.01,2008.04,0
ORD-00305,R001,SKU-0003,West,2026-06-24 13:00:00,2026-06-25 00:37:12,12,4,809.14,3236.56,0
ORD-00032,R010,SKU-0002,West,2026-08-10 05:00:00,2026-08-10 05:30:00,12,6,1685.92,10115.52,1
ORD-00844,R008,SKU-0041,North,2026-06-23 12:00:00,2026-06-24 09:03:33,12,3,3065.8,9197.4,0
ORD-00685,R008,SKU-0052,North,2026-08-05 04:00:00,2026-08-05 06:34:24,12,4,623.22,2492.88,0
ORD-01076,R006,SKU-0039,East,2026-07-04 12:00:00,2026-07-04 12:30:00,6,4,1114.23,4456.92,0
ORD-00241,R009,SKU-0032,Central,2026-07-30 21:00:00,2026-07-31 04:05:57,12,2,2628.58,5257.16,0
ORD-01014,R001,SKU-0037,West,2026-07-29 21:00:00,2026-07-31 01:56:58,24,1,1815.91,1815.91,0
ORD-00175,R003,SKU-0025,North,2026-06-04 02:00:00,2026-06-05 09:58:08,24,7,1548.76,10841.32,1
ORD-00246,R004,SKU-0014,Central,2026-06-29 19:00:00,2026-06-30 07:01:54,12,1,1088.97,1088.97,0
ORD-00057,R003,SKU-0019,North,2026-07-20 16:00:00,2026-07-21 08:54:57,12,4,2086.12,8344.48,0
ORD-00631,R013,SKU-0050,Central,2026-07-21 05:00:00,2026-07-22 07:16:18,24,1,1748.38,1748.38,0
ORD-00584,R013,SKU-0002,Central,2026-06-07 12:00:00,2026-06-07 23:40:48,12,7,1651.81,11562.67,1
ORD-01035,R008,SKU-0009,North,2026-06-05 12:00:00,2026-06-06 18:23:09,24,4,1701.1,6804.4,1
ORD-00146,R009,SKU-0060,Central,2026-06-12 21:00:00,2026-06-14 21:52:23,48,5,563.75,2818.75,0
ORD-00091,R003,SKU-0035,North,2026-08-13 00:00:00,2026-08-13 16:34:22,12,1,2420.92,2420.92,0
ORD-01125,R015,SKU-0039,East,2026-07-26 16:00:00,2026-07-27 00:14:46,12,6,3084.59,18507.54,0
ORD-00393,R010,SKU-0055,West,2026-07-24 15:00:00,2026-07-25 12:01:37,12,1,2864.2,2864.2,1
ORD-00862,R012,SKU-0014,East,2026-06-15 12:00:00,2026-06-16 01:06:54,12,4,1267.68,5070.72,1
ORD-00683,R011,SKU-0058,West,2026-07-05 12:00:00,2026-07-06 05:09:15,12,7,1437.48,10062.36,0
ORD-00311,R012,SKU-0047,East,2026-06-12 07:00:00,2026-06-12 21:21:33,12,3,2717.61,8152.83,0
ORD-00360,R012,SKU-0035,East,2026-07-10 09:00:00,2026-07-10 12:10:50,6,4,853.23,3412.92,1
ORD-00094,R010,SKU-0049,West,2026-07-01 22:00:00,2026-07-02 04:42:45,12,4,2937.43,11749.72,0
ORD-00968,R013,SKU-0043,Central,2026-07-08 10:00:00,2026-07-08 17:46:37,24,4,253.59,1014.36,0
ORD-01034,R015,SKU-0060,East,2026-08-24 07:00:00,2026-08-25 06:18:28,24,3,756.19,2268.57,0
ORD-00377,R007,SKU-0060,South,2026-08-23 00:00:00,2026-08-23 20:44:52,24,7,1127.16,7890.12,0
ORD-00244,R014,SKU-0043,East,2026-08-24 11:00:00,2026-08-24 11:30:00,6,6,1320.23,7921.38,0
ORD-01087,R001,SKU-0027,West,2026-07-15 17:00:00,2026-07-16 14:08:43,12,1,2044.21,2044.21,0
ORD-00088,R010,SKU-0009,West,2026-07-07 08:00:00,,48,4,297.31,1189.24,0
ORD-00215,R012,SKU-0003,East,2026-07-13 11:00:00,2026-07-15 10:28:22,48,4,1035.5,4142.0,0
ORD-00445,R012,SKU-0010,East,2026-07-24 11:00:00,2026-07-25 16:49:22,24,1,2461.58,2461.58,1
ORD-00174,R005,SKU-0013,East,2026-08-10 17:00:00,2026-08-12 17:16:34,48,3,892.64,2677.92,0
ORD-00426,R013,SKU-0012,Central,2026-06-11 06:00:00,2026-06-11 14:47:50,12,2,937.01,1874.02,0
ORD-01050,R015,SKU-0049,East,2026-08-15 17:00:00,2026-08-16 17:36:03,24,7,340.22,2381.54,0
ORD-00119,R013,SKU-0045,Central,2026-07-03 17:00:00,2026-07-05 02:07:48,24,5,1245.58,6227.9,1
ORD-00120,R013,SKU-0002,Central,2026-08-26 04:00:00,2026-08-26 18:09:09,12,3,2543.05,7629.15,0
ORD-00926,R004,SKU-0051,Central,2026-08-12 08:00:00,2026-08-12 20:49:45,12,4,1504.9,6019.6,0
ORD-00881,R008,SKU-0016,North,2026-07-25 11:00:00,2026-07-25 15:07:18,6,2,890.89,1781.78,1
ORD-00001,R015,SKU-0031,East,2026-07-13 16:00:00,2026-07-14 04:44:18,6,1,1607.54,1607.54,0
ORD-00395,R013,SKU-0053,Central,2026-08-23 16:00:00,2026-08-24 19:00:23,24,1,3323.74,3323.74,0
ORD-00402,R010,SKU-0007,West,2026-08-16 03:00:00,2026-08-17 00:18:11,24,6,2818.8,16912.8,0
ORD-00405,R008,SKU-0037,North,2026-06-10 11:00:00,2026-06-10 18:17:06,12,1,3478.11,3478.11,0
ORD-00849,R002,SKU-0005,East,2026-06-14 14:00:00,2026-06-15 08:35:02,12,4,1328.52,5314.08,0
ORD-00870,R003,SKU-0042,North,2026-06-12 08:00:00,2026-06-15 13:51:56,48,2,2322.16,4644.32,0
ORD-00163,R003,SKU-0059,North,2026-07-09 15:00:00,2026-07-09 16:55:31,12,2,693.79,1387.58,1
ORD-00115,R013,SKU-0039,Central,2026-06-28 20:00:00,2026-06-29 14:03:07,12,1,2559.5,2559.5,1
ORD-00671,R013,SKU-0008,Central,2026-07-03 02:00:00,2026-07-03 21:58:08,24,2,332.38,664.76,1
ORD-00151,R010,SKU-0028,West,2026-06-28 18:00:00,2026-06-30 21:41:11,48,3,261.9,785.7,0
ORD-00816,R004,SKU-0057,Central,2026-06-09 20:00:00,2026-06-11 02:37:37,24,5,688.44,3442.2,0
ORD-00798,R009,SKU-0060,Central,2026-06-11 09:00:00,2026-06-12 21:47:32,24,1,744.07,744.07,0
ORD-01012,R013,SKU-0028,Central,2026-08-12 20:00:00,2026-08-13 14:02:02,12,3,229.75,689.25,0
ORD-00369,R014,SKU-0033,East,2026-07-14 13:00:00,2026-07-16 16:49:57,48,5,811.28,4056.4,1
ORD-00544,R006,SKU-0043,East,2026-06-06 03:00:00,2026-06-07 08:13:04,24,3,2464.47,7393.41,1
ORD-00478,R014,SKU-0041,East,2026-08-14 14:00:00,2026-08-15 06:27:20,24,3,2020.91,6062.73,1
ORD-01139,R001,SKU-0009,West,2026-08-18 13:00:00,2026-08-20 15:18:30,48,6,2122.44,12734.64,0
ORD-00533,R014,SKU-0035,East,2026-07-17 11:00:00,2026-07-18 06:40:04,24,2,1497.8,2995.6,1
ORD-00626,R002,SKU-0045,East,2026-07-17 12:00:00,2026-07-18 12:42:43,24,2,3191.3,6382.6,0
ORD-01121,R002,SKU-0014,East,2026-07-28 15:00:00,2026-07-31 15:16:30,48,7,1531.64,10721.48,0
ORD-00513,R014,SKU-0004,East,2026-06-09 02:00:00,2026-06-09 22:38:14,24,3,1499.36,4498.08,0
ORD-00813,R011,SKU-0020,West,2026-06-18 15:00:00,2026-06-20 11:33:28,48,2,2797.89,5595.78,0
ORD-00073,R012,SKU-0049,East,2026-06-22 16:00:00,2026-06-22 20:26:36,12,3,479.67,1439.01,0
ORD-00259,R002,SKU-0058,East,2026-08-14 04:00:00,2026-08-16 13:50:31,48,4,2572.29,10289.16,1
ORD-00625,R004,SKU-0029,Central,2026-06-09 07:00:00,2026-06-11 04:28:23,48,2,415.43,830.86,1
ORD-00235,R010,SKU-0040,West,2026-06-10 15:00:00,2026-06-11 14:13:26,6,5,2858.31,14291.55,1
ORD-00136,R002,SKU-0037,East,2026-06-24 01:00:00,2026-06-25 05:11:49,24,5,1571.62,7858.1,1
ORD-00617,R015,SKU-0028,East,2026-08-11 05:00:00,2026-08-12 03:24:28,24,5,777.22,3886.1,0
ORD-00517,R005,SKU-0038,East,2026-08-21 20:00:00,2026-08-22 05:32:47,12,4,2357.11,9428.44,0
ORD-00880,R009,SKU-0009,Central,2026-08-10 16:00:00,2026-08-10 21:45:59,6,6,1149.4,6896.4,1
ORD-00803,R003,SKU-0005,North,2026-08-07 10:00:00,2026-08-07 13:28:03,12,4,1896.62,7586.48,0
ORD-00810,R007,SKU-0054,South,2026-08-13 03:00:00,2026-08-14 01:45:40,24,2,1992.93,3985.86,1
ORD-00593,R006,SKU-0046,East,2026-08-17 17:00:00,2026-08-18 04:27:41,12,4,332.87,1331.48,0
ORD-01066,R003,SKU-0035,North,2026-08-19 09:00:00,2026-08-20 01:19:38,12,1,457.76,457.76,0
ORD-00502,R011,SKU-0020,West,2026-08-23 07:00:00,2026-08-24 05:00:19,24,2,1350.63,2701.26,0
ORD-00539,R010,SKU-0001,West,2026-07-05 11:00:00,2026-07-06 15:48:15,24,7,2786.7,19506.9,0
ORD-00913,R014,SKU-0049,East,2026-06-29 05:00:00,2026-06-30 08:18:05,24,4,1414.26,5657.04,0
ORD-00729,R014,SKU-0017,East,2026-08-22 10:00:00,2026-08-23 05:59:58,24,4,1003.48,4013.92,0
ORD-00582,R006,SKU-0034,East,2026-08-08 08:00:00,2026-08-09 07:48:18,24,4,1951.32,7805.28,0
ORD-00344,R005,SKU-0058,East,2026-06-27 02:00:00,2026-06-27 06:11:18,12,1,1428.16,1428.16,1
ORD-00955,R010,SKU-0009,West,2026-07-01 22:00:00,2026-07-03 08:07:31,24,2,3171.35,6342.7,1
ORD-00859,R001,SKU-0039,West,2026-07-29 09:00:00,2026-07-29 09:56:13,6,3,441.88,1325.64,0
ORD-00294,R015,SKU-0044,East,2026-06-02 20:00:00,2026-06-03 00:40:13,6,4,1951.79,7807.16,0
ORD-00365,R005,SKU-0050,East,2026-07-06 06:00:00,2026-07-06 20:17:08,24,7,2624.08,18368.56,0
ORD-00867,R014,SKU-0038,East,2026-07-07 20:00:00,2026-07-08 17:46:39,24,1,1048.06,1048.06,0
ORD-00660,R011,SKU-0026,West,2026-06-19 03:00:00,2026-06-19 18:08:13,12,1,1359.93,1359.93,0
ORD-00015,R015,SKU-0021,East,2026-08-14 14:00:00,2026-08-15 11:41:13,6,6,3118.02,18708.12,0
ORD-00687,R012,SKU-0034,East,2026-07-20 22:00:00,2026-07-21 17:36:20,12,2,2347.27,4694.54,1
ORD-00087,R015,SKU-0051,East,2026-07-30 01:00:00,2026-07-30 07:33:15,12,6,965.24,5791.44,1
ORD-00371,R012,SKU-0055,East,2026-07-30 06:00:00,2026-07-31 17:30:03,12,1,927.28,927.28,0
ORD-00166,R005,SKU-0003,East,2026-06-13 17:00:00,2026-06-13 17:30:00,12,2,3444.32,6888.64,0
ORD-00132,R008,SKU-0046,North,2026-08-08 07:00:00,2026-08-08 08:43:52,12,7,3114.65,21802.55,1
ORD-00336,R003,SKU-0001,North,2026-06-16 17:00:00,2026-06-17 18:04:40,24,7,154.32,1080.24,0
ORD-00060,R010,SKU-0011,West,2026-08-11 12:00:00,2026-08-11 15:15:05,6,4,3011.18,12044.72,0
ORD-00710,R011,SKU-0015,West,2026-07-14 14:00:00,2026-07-16 10:03:39,48,2,3315.74,6631.48,0
ORD-00677,R008,SKU-0021,North,2026-06-14 13:00:00,2026-06-14 17:15:34,6,1,585.78,585.78,0
ORD-00355,R003,SKU-0050,North,2026-08-04 02:00:00,2026-08-05 21:00:39,48,3,991.06,2973.18,0
ORD-01055,R013,SKU-0033,Central,2026-07-29 03:00:00,2026-07-30 03:23:01,24,3,1040.93,3122.79,1
ORD-00425,R007,SKU-0030,South,2026-07-09 22:00:00,2026-07-10 19:28:37,24,6,1273.71,7642.26,0
ORD-00293,R010,SKU-0048,West,2026-06-29 13:00:00,2026-06-30 08:23:49,12,2,2042.22,4084.44,0
ORD-00042,R013,SKU-0058,Central,2026-06-04 16:00:00,2026-06-06 02:55:56,24,1,2249.69,2249.69,1
ORD-00330,R002,SKU-0014,East,2026-07-15 02:00:00,2026-07-15 08:58:17,6,6,2155.52,12933.12,0
ORD-00615,R002,SKU-0011,East,2026-08-10 10:00:00,2026-08-11 21:47:48,24,4,541.01,2164.04,0
ORD-00430,R010,SKU-0005,West,2026-06-25 21:00:00,2026-06-26 13:40:45,12,2,2065.87,4131.74,0
ORD-00080,R002,SKU-0045,East,2026-07-10 05:00:00,2026-07-10 18:56:06,6,4,2754.27,11017.08,1
ORD-00694,R005,SKU-0026,East,2026-06-13 19:00:00,2026-06-14 12:20:49,24,5,717.63,3588.15,1
ORD-00029,R014,SKU-0016,East,2026-06-01 20:00:00,2026-06-01 21:31:48,6,4,2237.07,8948.28,0
ORD-00708,R008,SKU-0033,North,2026-06-12 01:00:00,2026-06-13 18:11:50,48,2,1343.62,2687.24,0
ORD-00914,R004,SKU-0007,Central,2026-06-23 10:00:00,2026-06-24 04:22:14,6,2,638.16,1276.32,0
ORD-00908,R008,SKU-0007,North,2026-07-20 13:00:00,2026-07-22 16:43:20,48,2,1016.1,2032.2,0
ORD-00255,R008,SKU-0030,North,2026-07-20 21:00:00,2026-07-21 15:11:00,24,7,3205.66,22439.62,0
ORD-00161,R006,SKU-0032,East,2026-08-04 02:00:00,2026-08-04 15:35:24,24,3,3412.09,10236.27,0
ORD-00459,R002,SKU-0023,East,2026-06-26 19:00:00,2026-06-26 21:35:37,6,4,2379.72,9518.88,0
ORD-00384,R001,SKU-0024,West,2026-08-15 19:00:00,2026-08-16 22:27:36,24,6,3020.05,18120.3,1
ORD-00314,R010,SKU-0016,West,2026-08-20 19:00:00,2026-08-21 00:19:39,12,4,2152.45,8609.8,0
ORD-00085,R002,SKU-0027,East,2026-08-10 08:00:00,2026-08-10 15:57:59,6,3,3115.32,9345.96,0
ORD-00575,R001,SKU-0005,West,2026-08-16 03:00:00,2026-08-17 04:49:35,24,4,809.8,3239.2,0
ORD-00763,R004,SKU-0041,Central,2026-06-18 00:00:00,2026-06-19 01:37:22,24,2,1604.4,3208.8,0
ORD-00137,R015,SKU-0027,East,2026-08-04 12:00:00,2026-08-06 23:21:29,48,2,2790.04,5580.08,0
ORD-00112,R002,SKU-0024,East,2026-06-15 12:00:00,2026-06-16 01:23:28,6,7,2345.44,16418.08,1
ORD-00195,R014,SKU-0019,East,2026-07-24 01:00:00,2026-07-24 06:28:41,6,5,295.46,1477.3,0
ORD-00853,R008,SKU-0059,North,2026-06-28 14:00:00,2026-06-29 08:40:55,12,3,921.21,2763.63,1
ORD-00179,R006,SKU-0052,East,2026-06-30 05:00:00,2026-07-01 06:12:29,24,4,1392.64,5570.56,1
ORD-00556,R004,SKU-0004,Central,2026-08-06 08:00:00,2026-08-07 06:14:22,24,7,792.73,5549.11,1
ORD-00724,R010,SKU-0057,West,2026-06-29 06:00:00,2026-06-30 01:17:34,12,4,1456.21,5824.84,0
ORD-01056,R008,SKU-0011,North,2026-07-07 01:00:00,2026-07-07 10:45:33,12,4,2160.1,8640.4,0
ORD-00497,R012,SKU-0045,East,2026-07-08 08:00:00,2026-07-10 07:59:18,48,2,223.05,446.1,0
ORD-00873,R005,SKU-0044,East,2026-06-13 21:00:00,2026-06-14 21:38:40,24,5,1172.91,5864.55,0
ORD-00806,R002,SKU-0018,East,2026-06-08 19:00:00,2026-06-10 11:54:59,48,1,1572.26,1572.26,1
ORD-00130,R004,SKU-0049,Central,2026-07-12 04:00:00,2026-07-12 18:36:57,6,5,1801.79,9008.95,0
ORD-00716,R006,SKU-0017,East,2026-06-09 12:00:00,2026-06-11 18:18:57,48,7,265.44,1858.08,0
ORD-00338,R002,SKU-0054,East,2026-06-26 15:00:00,2026-06-27 00:46:32,12,1,396.6,396.6,0
ORD-01199,R001,SKU-0058,West,2026-07-31 04:00:00,2026-07-31 21:51:29,24,3,295.16,885.48,0
ORD-00609,R011,SKU-0060,West,2026-08-26 19:00:00,2026-08-26 23:44:22,12,3,437.67,1313.01,0
ORD-00125,R013,SKU-0002,Central,2026-08-26 06:00:00,2026-08-27 07:17:50,24,3,786.64,2359.92,0
ORD-00196,R001,SKU-0017,West,2026-06-27 20:00:00,2026-06-28 04:02:19,6,5,2322.71,11613.55,0
ORD-00227,R015,SKU-0060,East,2026-08-14 05:00:00,2026-08-14 17:51:32,24,6,3324.04,19944.24,1
ORD-00690,R007,SKU-0027,South,2026-07-03 18:00:00,2026-07-04 07:38:52,24,3,3155.32,9465.96,1
ORD-00269,R001,SKU-0038,West,2026-07-17 13:00:00,2026-07-18 14:36:32,24,3,1805.15,5415.45,0
ORD-00153,R011,SKU-0023,West,2026-07-23 20:00:00,2026-07-25 22:52:53,48,7,2020.4,14142.8,0
ORD-00585,R008,SKU-0046,North,2026-06-26 16:00:00,2026-06-27 15:48:55,24,7,3191.94,22343.58,1
ORD-00104,R001,SKU-0009,West,2026-08-21 11:00:00,2026-08-22 06:47:21,24,7,1473.03,10311.21,1
ORD-00594,R013,SKU-0003,Central,2026-08-22 00:00:00,2026-08-24 09:16:17,48,1,1223.27,1223.27,0
ORD-01152,R005,SKU-0015,East,2026-06-10 03:00:00,2026-06-10 04:06:53,6,7,3459.37,24215.59,0
ORD-00787,R005,SKU-0015,East,2026-08-23 12:00:00,2026-08-24 04:39:39,12,6,2337.97,14027.82,0
ORD-00985,R011,SKU-0040,West,2026-06-28 22:00:00,2026-06-29 01:08:12,12,4,2750.95,11003.8,1
ORD-00885,R004,SKU-0011,Central,2026-07-08 07:00:00,2026-07-08 17:56:06,12,2,1227.22,2454.44,0
ORD-00777,R010,SKU-0053,West,2026-08-12 06:00:00,2026-08-12 14:07:51,12,2,1788.65,3577.3,0
ORD-00916,R002,SKU-0024,East,2026-07-01 08:00:00,2026-07-02 13:51:21,24,3,2220.25,6660.75,0
ORD-00850,R003,SKU-0037,North,2026-06-23 17:00:00,2026-06-24 09:26:51,12,2,1698.05,3396.1,0
ORD-00895,R005,SKU-0009,East,2026-06-04 22:00:00,2026-06-06 18:39:25,48,3,2273.5,6820.5,1
ORD-00228,R004,SKU-0029,Central,2026-06-01 05:00:00,2026-06-02 00:55:34,24,1,1356.18,1356.18,0
ORD-01130,R003,SKU-0041,North,2026-07-29 08:00:00,2026-07-29 19:38:22,12,7,1336.45,9355.15,0
ORD-00302,R003,SKU-0001,North,2026-08-06 12:00:00,2026-08-06 12:32:29,12,1,2030.08,2030.08,0
ORD-00855,R001,SKU-0013,West,2026-07-23 07:00:00,2026-07-24 08:33:26,24,5,2733.81,13669.05,0
ORD-00276,R010,SKU-0001,West,2026-07-18 06:00:00,2026-07-18 21:25:37,24,4,2546.29,10185.16,1
ORD-00127,R012,SKU-0042,East,2026-08-21 05:00:00,2026-08-21 17:44:32,12,2,679.64,1359.28,1
ORD-00406,R010,SKU-0002,West,2026-06-26 21:00:00,2026-06-27 05:54:07,12,3,537.19,1611.57,1
ORD-00776,R008,SKU-0024,North,2026-08-28 03:00:00,2026-08-28 19:03:34,12,7,1733.5,12134.5,0
ORD-00822,R011,SKU-0008,West,2026-07-16 21:00:00,2026-07-16 23:42:35,6,6,3161.47,18968.82,1
ORD-00712,R006,SKU-0015,East,2026-06-03 19:00:00,2026-06-05 22:32:52,48,1,548.86,548.86,1
ORD-00766,R010,SKU-0004,West,2026-06-27 06:00:00,2026-06-28 05:11:45,24,7,899.54,6296.78,0
ORD-00684,R008,SKU-0030,North,2026-06-12 15:00:00,2026-06-13 17:14:47,12,4,2523.21,10092.84,0
ORD-00750,R014,SKU-0041,East,2026-07-27 01:00:00,2026-07-28 07:23:38,24,4,1097.21,4388.84,0
ORD-01133,R004,SKU-0037,Central,2026-08-04 16:00:00,2026-08-04 23:38:08,12,6,2448.41,14690.46,0
ORD-00037,R005,SKU-0040,East,2026-08-10 08:00:00,2026-08-10 14:36:20,6,1,677.1,677.1,0
ORD-00140,R001,SKU-0043,West,2026-08-06 13:00:00,2026-08-08 10:46:17,48,6,1282.59,7695.54,0
ORD-00304,R014,SKU-0023,East,2026-07-05 02:00:00,2026-07-05 07:48:28,12,4,2899.38,11597.52,0
ORD-00268,R002,SKU-0059,East,2026-07-26 02:00:00,2026-07-26 22:29:04,24,3,2522.53,7567.59,0
ORD-00835,R002,SKU-0055,East,2026-06-09 06:00:00,2026-06-09 08:01:51,12,7,2991.72,20942.04,0
ORD-00534,R003,SKU-0039,North,2026-08-27 02:00:00,2026-08-28 03:20:44,24,5,1971.63,9858.15,0
ORD-00546,R008,SKU-0001,North,2026-07-10 07:00:00,2026-07-11 08:20:17,6,7,1071.8,7502.6,0
ORD-00213,R013,SKU-0047,Central,2026-07-22 00:00:00,2026-07-22 20:44:14,24,3,3356.09,10068.27,1
ORD-00897,R007,SKU-0055,South,2026-07-08 17:00:00,2026-07-09 12:33:24,24,7,3421.85,23952.95,0
ORD-00469,R014,SKU-0051,East,2026-06-16 00:00:00,2026-06-16 05:38:02,6,5,2538.15,12690.75,0
ORD-00199,R001,SKU-0041,West,2026-08-26 04:00:00,2026-08-26 16:29:46,12,3,2050.31,6150.93,0
ORD-01036,R010,SKU-0046,West,2026-07-27 06:00:00,2026-07-28 00:07:45,24,5,1399.65,6998.25,0
ORD-00868,R009,SKU-0028,Central,2026-08-22 22:00:00,2026-08-24 00:03:07,24,7,3320.93,23246.51,0
ORD-00673,R001,SKU-0043,West,2026-06-29 21:00:00,2026-06-30 17:04:14,6,5,1948.38,9741.9,0
ORD-00917,R015,SKU-0033,East,2026-07-20 09:00:00,2026-07-23 03:31:51,24,2,1621.93,3243.86,1
ORD-00528,R014,SKU-0026,East,2026-08-06 10:00:00,2026-08-07 03:40:03,6,2,1403.91,2807.82,0
ORD-00676,R013,SKU-0040,Central,2026-08-26 21:00:00,2026-08-27 22:01:22,24,3,1035.46,3106.38,0
ORD-01062,R009,SKU-0059,Central,2026-08-05 10:00:00,2026-08-07 08:46:24,24,3,2908.16,8724.48,1
ORD-00815,R005,SKU-0044,East,2026-06-25 00:00:00,2026-06-25 10:09:46,12,3,215.49,646.47,0
ORD-00242,R009,SKU-0039,Central,2026-08-05 11:00:00,2026-08-05 22:44:43,12,4,2661.6,10646.4,0
ORD-00343,R006,SKU-0016,East,2026-06-11 11:00:00,2026-06-13 03:58:56,48,6,3391.3,20347.8,0
ORD-00550,R015,SKU-0019,East,2026-07-25 17:00:00,2026-07-27 01:31:47,24,3,1904.67,5714.01,0
ORD-00387,R011,SKU-0043,West,2026-06-13 14:00:00,2026-06-13 23:26:04,12,6,1512.23,9073.38,0
ORD-01112,R009,SKU-0017,Central,2026-06-13 21:00:00,2026-06-15 03:34:05,6,3,1419.41,4258.23,0
ORD-00207,R002,SKU-0060,East,2026-07-14 00:00:00,2026-07-14 00:30:00,6,7,514.2,3599.4,1
ORD-00296,R010,SKU-0009,West,2026-07-01 01:00:00,2026-07-01 20:51:33,24,3,2152.09,6456.27,0
ORD-00696,R008,SKU-0004,North,2026-07-29 19:00:00,2026-07-30 15:51:55,24,1,3211.33,3211.33,0
ORD-01047,R006,SKU-0030,East,2026-06-08 00:00:00,2026-06-08 04:19:28,12,3,1616.59,4849.77,0
ORD-00074,R003,SKU-0055,North,2026-08-13 16:00:00,2026-08-15 08:07:15,48,7,2196.48,15375.36,1
ORD-00606,R006,SKU-0052,East,2026-08-05 08:00:00,2026-08-07 22:20:28,48,5,2200.73,11003.65,0
ORD-00105,R005,SKU-0052,East,2026-07-16 12:00:00,2026-07-17 04:35:44,12,1,1985.6,1985.6,1
ORD-00962,R013,SKU-0002,Central,2026-08-21 05:00:00,2026-08-21 23:29:51,24,7,539.7,3777.9,0
ORD-00991,R005,SKU-0049,East,2026-07-05 02:00:00,2026-07-05 02:30:00,6,4,3282.93,13131.72,0
ORD-01178,R014,SKU-0022,East,2026-06-07 02:00:00,2026-06-07 18:03:34,6,6,1982.45,11894.7,0
ORD-00017,R001,SKU-0029,West,2026-08-12 19:00:00,2026-08-12 19:48:15,6,2,1742.89,3485.78,0
ORD-00440,R004,SKU-0049,Central,2026-08-26 14:00:00,2026-08-27 13:32:49,12,6,2425.03,14550.18,0
ORD-00092,R007,SKU-0060,South,2026-06-29 06:00:00,2026-06-29 10:19:10,6,4,1212.78,4851.12,0
ORD-00089,R003,SKU-0010,North,2026-07-07 04:00:00,2026-07-07 04:30:00,12,3,2130.13,6390.39,0
ORD-01046,R002,SKU-0013,East,2026-06-02 02:00:00,2026-06-03 02:38:34,24,6,2726.52,16359.12,1
ORD-00909,R013,SKU-0031,Central,2026-07-29 14:00:00,2026-07-29 22:39:11,6,3,2987.22,8961.66,0
ORD-00451,R014,SKU-0057,East,2026-06-28 18:00:00,2026-06-30 01:10:40,24,5,3059.28,15296.4,1
ORD-00718,R014,SKU-0043,East,2026-08-05 06:00:00,2026-08-07 06:16:04,48,5,1023.72,5118.6,0
ORD-00103,R011,SKU-0021,West,2026-06-15 17:00:00,2026-06-16 03:53:30,6,3,1440.33,4320.99,1
ORD-00239,R012,SKU-0018,East,2026-06-26 07:00:00,2026-06-27 03:07:06,12,1,2169.33,2169.33,0
ORD-01006,R011,SKU-0006,West,2026-08-22 17:00:00,2026-08-22 22:43:02,12,2,3203.48,6406.96,0
ORD-00943,R013,SKU-0032,Central,2026-07-15 22:00:00,2026-07-16 22:06:50,24,4,2859.92,11439.68,0
ORD-00247,R010,SKU-0009,West,2026-06-10 16:00:00,2026-06-11 22:50:28,24,3,2141.81,6425.43,0
ORD-00939,R009,SKU-0058,Central,2026-06-29 02:00:00,2026-06-29 17:30:41,12,2,2636.48,5272.96,1
ORD-01039,R011,SKU-0006,West,2026-06-27 01:00:00,2026-06-28 03:17:05,24,5,2760.79,13803.95,0
ORD-00158,R015,SKU-0023,East,2026-06-02 03:00:00,2026-06-02 06:04:38,6,3,1804.64,5413.92,0
ORD-00480,R005,SKU-0007,East,2026-08-28 14:00:00,2026-08-29 23:10:33,24,1,3497.52,3497.52,1
ORD-00839,R009,SKU-0057,Central,2026-08-28 20:00:00,2026-08-30 14:30:45,48,5,1976.35,9881.75,0
ORD-00646,R002,SKU-0013,East,2026-06-13 09:00:00,2026-06-14 11:08:33,24,1,1686.26,1686.26,0
ORD-00006,R001,SKU-0034,West,2026-08-24 17:00:00,2026-08-25 00:51:10,6,1,270.81,270.81,1
ORD-01086,R011,SKU-0010,West,2026-07-23 14:00:00,2026-07-23 23:18:09,6,6,1315.35,7892.1,0
ORD-00872,R009,SKU-0028,Central,2026-08-27 04:00:00,2026-08-27 07:58:31,6,5,1995.14,9975.7,0
ORD-00966,R004,SKU-0005,Central,2026-08-03 05:00:00,2026-08-03 06:09:56,6,1,2068.28,2068.28,0
ORD-00019,R001,SKU-0022,West,2026-07-05 00:00:00,2026-07-06 01:44:39,24,1,346.95,346.95,1
ORD-00984,R015,SKU-0050,East,2026-07-09 00:00:00,2026-07-09 19:46:56,12,5,2807.88,14039.4,1
ORD-00122,R013,SKU-0008,Central,2026-07-01 14:00:00,2026-07-01 18:09:26,6,3,2266.54,6799.62,0
ORD-00947,R004,SKU-0017,Central,2026-06-07 03:00:00,2026-06-08 03:20:14,24,6,2979.26,17875.56,1
ORD-00662,R012,SKU-0040,East,2026-08-05 08:00:00,2026-08-05 22:32:28,6,1,1453.31,1453.31,0
ORD-00983,R005,SKU-0038,East,2026-08-09 15:00:00,2026-08-10 01:28:08,12,7,2701.9,18913.3,0
ORD-00275,R011,SKU-0045,West,2026-06-15 00:00:00,2026-06-15 21:54:56,24,6,2542.9,15257.4,0
ORD-00434,R002,SKU-0011,East,2026-06-25 05:00:00,2026-06-26 06:47:36,24,3,2298.75,6896.25,0
ORD-00812,R001,SKU-0039,West,2026-06-05 16:00:00,2026-06-06 01:29:25,12,4,1133.53,4534.12,0
ORD-01138,R012,SKU-0011,East,2026-07-12 21:00:00,2026-07-13 12:24:33,6,5,595.36,2976.8,0
ORD-00312,R002,SKU-0048,East,2026-06-07 18:00:00,2026-06-08 00:49:41,12,2,1211.46,2422.92,0
ORD-01122,R005,SKU-0044,East,2026-08-04 21:00:00,2026-08-04 21:30:00,6,5,2276.71,11383.55,0
ORD-01134,R013,SKU-0048,Central,2026-06-26 10:00:00,2026-06-26 22:14:31,12,1,2766.46,2766.46,0
ORD-00781,R010,SKU-0017,West,2026-08-16 08:00:00,2026-08-17 02:29:37,24,6,2170.65,13023.9,0
ORD-00547,R002,SKU-0035,East,2026-07-14 17:00:00,2026-07-15 00:28:07,12,5,805.43,4027.15,0
ORD-00182,R005,SKU-0060,East,2026-07-31 22:00:00,2026-08-03 00:48:58,48,2,617.36,1234.72,1
ORD-00185,R014,SKU-0030,East,2026-07-23 11:00:00,2026-07-24 07:50:25,12,7,1249.06,8743.42,0
ORD-00407,R014,SKU-0003,East,2026-08-14 00:00:00,2026-08-14 12:36:08,6,6,3352.23,20113.38,0
ORD-00720,R013,SKU-0046,Central,2026-07-09 17:00:00,2026-07-09 23:47:26,6,3,873.9,2621.7,1
ORD-01153,R004,SKU-0013,Central,2026-08-28 08:00:00,2026-08-29 09:03:44,24,7,842.96,5900.72,0
ORD-00607,R001,SKU-0014,West,2026-06-13 06:00:00,2026-06-13 09:05:15,6,2,2628.25,5256.5,1
ORD-00693,R006,SKU-0032,East,2026-07-14 10:00:00,2026-07-15 07:12:05,24,7,456.43,3195.01,0
ORD-00521,R011,SKU-0023,West,2026-08-12 04:00:00,2026-08-13 20:48:19,48,4,1800.57,7202.28,0
ORD-00866,R005,SKU-0052,East,2026-08-02 16:00:00,2026-08-04 21:47:48,48,2,583.04,1166.08,1
ORD-00381,R008,SKU-0043,North,2026-07-20 05:00:00,2026-07-22 09:57:15,48,1,1588.39,1588.39,1
ORD-00411,R009,SKU-0003,Central,2026-06-21 11:00:00,2026-06-23 14:26:24,48,5,847.37,4236.85,0
ORD-00635,R007,SKU-0001,South,2026-07-12 21:00:00,,48,2,2786.68,5573.36,0
ORD-00370,R012,SKU-0013,East,2026-07-16 03:00:00,2026-07-16 16:59:21,12,6,435.74,2614.44,1
ORD-01080,R014,SKU-0053,East,2026-06-28 07:00:00,2026-06-28 19:37:26,24,3,3174.44,9523.32,0
ORD-01094,R011,SKU-0056,West,2026-08-29 03:00:00,2026-08-29 20:20:09,12,1,2587.32,2587.32,0
ORD-00428,R012,SKU-0037,East,2026-08-26 15:00:00,2026-08-28 11:47:18,48,6,1287.2,7723.2,0
ORD-00877,R015,SKU-0036,East,2026-06-28 07:00:00,2026-06-28 10:03:26,6,6,174.02,1044.12,0
ORD-00079,R009,SKU-0022,Central,2026-06-27 21:00:00,2026-06-28 18:21:25,24,3,1057.79,3173.37,0
ORD-00863,R012,SKU-0013,East,2026-06-14 00:00:00,2026-06-15 06:53:46,24,7,3371.14,23597.98,0
ORD-00574,R001,SKU-0048,West,2026-08-26 11:00:00,2026-08-26 22:50:07,12,6,3094.97,18569.82,0
ORD-01184,R013,SKU-0032,Central,2026-07-19 10:00:00,2026-07-19 20:42:35,6,7,809.52,5666.64,0
ORD-00638,R002,SKU-0025,East,2026-08-05 00:00:00,2026-08-06 00:04:45,24,4,1445.86,5783.44,0
ORD-00608,R011,SKU-0034,West,2026-08-26 04:00:00,2026-08-26 23:24:04,24,3,2557.51,7672.53,0
ORD-01064,R008,SKU-0050,North,2026-08-06 00:00:00,2026-08-07 04:13:30,24,6,2623.91,15743.46,0
ORD-00069,R003,SKU-0013,North,2026-07-07 13:00:00,2026-07-08 18:58:32,24,7,1363.11,9541.77,0
ORD-00860,R011,SKU-0035,West,2026-07-10 10:00:00,2026-07-10 13:54:02,12,2,1460.79,2921.58,0
ORD-01092,R008,SKU-0009,North,2026-06-02 07:00:00,2026-06-02 19:06:37,12,7,2276.67,15936.69,0
ORD-01156,R011,SKU-0003,West,2026-08-13 03:00:00,2026-08-13 11:25:38,6,6,2844.58,17067.48,0
ORD-00417,R014,SKU-0057,East,2026-08-18 20:00:00,2026-08-20 14:52:00,48,6,1249.21,7495.26,0
ORD-01029,R001,SKU-0020,West,2026-06-14 20:00:00,2026-06-15 20:41:26,24,1,1919.61,1919.61,1
ORD-00562,R005,SKU-0041,East,2026-06-22 21:00:00,2026-06-24 04:00:56,24,3,2179.59,6538.77,1
ORD-00904,R005,SKU-0058,East,2026-07-02 14:00:00,2026-07-03 03:39:50,12,1,3174.13,3174.13,0
ORD-00068,R001,SKU-0021,West,2026-06-25 02:00:00,2026-06-27 02:32:15,48,2,2155.21,4310.42,0
ORD-00537,R011,SKU-0004,West,2026-07-12 15:00:00,2026-07-13 10:56:33,24,7,2238.26,15667.82,0
ORD-00078,R010,SKU-0001,West,2026-08-22 11:00:00,2026-08-23 06:21:19,24,4,206.37,825.48,0
ORD-00106,R013,SKU-0029,Central,2026-08-24 22:00:00,2026-08-25 17:25:40,24,2,1338.96,2677.92,1
ORD-01084,R009,SKU-0018,Central,2026-07-05 14:00:00,2026-07-05 18:10:50,6,2,553.47,1106.94,0
ORD-01052,R001,SKU-0042,West,2026-08-16 07:00:00,2026-08-17 06:33:00,12,3,3019.66,9058.98,0
ORD-00959,R007,SKU-0007,South,2026-06-29 03:00:00,2026-06-29 10:32:23,6,2,2501.58,5003.16,0
ORD-00639,R011,SKU-0051,West,2026-08-08 17:00:00,2026-08-09 09:24:51,12,5,1088.14,5440.7,0
ORD-00560,R005,SKU-0042,East,2026-06-17 09:00:00,2026-06-17 23:32:05,12,1,809.18,809.18,1
ORD-00847,R012,SKU-0010,East,2026-07-22 21:00:00,2026-07-23 18:05:29,24,1,215.98,215.98,0
ORD-00689,R005,SKU-0025,East,2026-08-24 18:00:00,2026-08-25 05:56:47,12,4,2729.81,10919.24,0
ORD-00691,R004,SKU-0045,Central,2026-08-10 17:00:00,2026-08-10 21:26:49,6,2,2908.3,5816.6,0
ORD-01166,R006,SKU-0027,East,2026-07-16 08:00:00,2026-07-17 21:46:31,48,7,2633.56,18434.92,0
ORD-01120,R004,SKU-0042,Central,2026-07-18 10:00:00,2026-07-19 12:41:10,24,5,742.44,3712.2,0
ORD-00437,R009,SKU-0025,Central,2026-08-07 10:00:00,2026-08-08 10:03:18,24,6,643.57,3861.42,1
ORD-00491,R015,SKU-0021,East,2026-06-22 21:00:00,2026-06-22 22:00:44,6,5,2823.44,14117.2,0
ORD-00637,R013,SKU-0038,Central,2026-07-18 20:00:00,2026-07-20 18:58:39,48,1,1471.81,1471.81,1
ORD-01101,R002,SKU-0057,East,2026-07-01 22:00:00,,24,1,3341.28,3341.28,0
ORD-00070,R008,SKU-0032,North,2026-08-29 04:00:00,2026-08-30 00:22:20,24,1,353.06,353.06,0
ORD-00809,R010,SKU-0033,West,2026-06-14 15:00:00,2026-06-14 19:11:21,12,6,3219.89,19319.34,0
ORD-00012,R008,SKU-0045,North,2026-06-09 20:00:00,2026-06-11 23:31:55,48,7,896.01,6272.07,0
ORD-00145,R009,SKU-0003,Central,2026-08-21 10:00:00,2026-08-22 11:28:05,24,5,786.81,3934.05,0
ORD-00918,R010,SKU-0001,West,2026-06-18 06:00:00,2026-06-20 09:05:44,48,3,1393.28,4179.84,1
ORD-00640,R006,SKU-0016,East,2026-08-22 07:00:00,2026-08-22 10:51:01,12,7,1498.4,10488.8,0
ORD-00177,R014,SKU-0020,East,2026-07-15 00:00:00,2026-07-15 12:48:05,6,5,3344.23,16721.15,0
ORD-00995,R012,SKU-0038,East,2026-06-01 22:00:00,2026-06-02 15:16:12,6,7,1382.32,9676.24,0
ORD-00441,R009,SKU-0043,Central,2026-06-10 20:00:00,2026-06-12 10:00:49,48,7,1930.02,13510.14,0
ORD-00522,R012,SKU-0002,East,2026-07-23 22:00:00,2026-07-26 01:15:47,48,4,2816.52,11266.08,0
ORD-01005,R015,SKU-0004,East,2026-08-15 15:00:00,2026-08-15 22:13:33,12,4,3378.25,13513.0,0
ORD-00144,R001,SKU-0033,West,2026-07-11 19:00:00,2026-07-12 04:15:11,6,2,2274.52,4549.04,1
ORD-00754,R015,SKU-0023,East,2026-08-17 12:00:00,2026-08-19 06:11:26,24,3,3475.38,10426.14,0
ORD-00520,R003,SKU-0059,North,2026-06-29 10:00:00,2026-07-01 10:07:12,48,2,2005.44,4010.88,0
ORD-00823,R015,SKU-0039,East,2026-06-05 19:00:00,2026-06-07 19:14:50,48,6,2641.65,15849.9,0
ORD-00429,R002,SKU-0053,East,2026-08-18 04:00:00,2026-08-18 19:13:30,24,4,1007.99,4031.96,0
ORD-00613,R011,SKU-0021,West,2026-07-24 09:00:00,2026-07-25 04:29:38,12,3,3210.37,9631.11,1
ORD-01033,R015,SKU-0047,East,2026-08-21 03:00:00,2026-08-22 03:02:52,24,7,1856.74,12997.18,0
ORD-00157,R005,SKU-0021,East,2026-08-17 04:00:00,2026-08-18 03:43:35,24,6,2644.72,15868.32,0
ORD-00540,R013,SKU-0036,Central,2026-08-01 20:00:00,2026-08-02 09:39:39,12,1,2356.79,2356.79,0
ORD-00462,R015,SKU-0051,East,2026-07-12 11:00:00,2026-07-13 16:51:21,24,5,1186.52,5932.6,0
ORD-00577,R002,SKU-0017,East,2026-07-29 05:00:00,2026-07-30 05:10:11,24,3,2163.19,6489.57,1
ORD-00256,R015,SKU-0029,East,2026-07-20 02:00:00,2026-07-20 20:15:32,24,1,1185.05,1185.05,0
ORD-00980,R015,SKU-0033,East,2026-06-07 06:00:00,2026-06-09 04:18:03,48,1,1919.57,1919.57,0
ORD-01007,R004,SKU-0034,Central,2026-08-29 08:00:00,2026-08-29 23:30:09,12,5,3409.23,17046.15,0
ORD-00561,R012,SKU-0021,East,2026-08-01 03:00:00,2026-08-02 07:21:22,24,6,1402.41,8414.46,0
ORD-00209,R015,SKU-0030,East,2026-07-15 02:00:00,2026-07-18 02:25:38,48,5,2334.8,11674.0,0
ORD-00911,R013,SKU-0005,Central,2026-07-29 06:00:00,2026-07-31 07:21:06,24,1,2798.68,2798.68,0
ORD-00002,R012,SKU-0008,East,2026-06-30 15:00:00,2026-06-30 20:43:48,6,1,2438.22,2438.22,0
ORD-00270,R008,SKU-0056,North,2026-08-21 05:00:00,2026-08-21 11:17:48,12,1,1987.65,1987.65,0
ORD-00266,R007,SKU-0047,South,2026-07-28 10:00:00,2026-07-28 17:02:20,12,6,377.29,2263.74,1
ORD-00915,R001,SKU-0016,West,2026-08-10 13:00:00,2026-08-12 08:38:11,24,1,3492.27,3492.27,0
ORD-00231,R005,SKU-0037,East,2026-06-13 05:00:00,2026-06-14 00:22:21,24,2,1212.52,2425.04,0
ORD-01187,R014,SKU-0045,East,2026-08-23 04:00:00,2026-08-25 00:20:59,48,6,2632.99,15797.94,1
ORD-01183,R007,SKU-0051,South,2026-07-20 21:00:00,2026-07-22 06:21:15,6,6,2803.42,16820.52,1
ORD-00865,R007,SKU-0035,South,2026-07-16 09:00:00,2026-07-17 00:34:08,24,6,2905.86,17435.16,0
ORD-01067,R008,SKU-0057,North,2026-07-01 09:00:00,2026-07-02 05:46:14,12,1,1625.7,1625.7,1
ORD-00874,R012,SKU-0006,East,2026-08-25 19:00:00,2026-08-27 16:26:48,24,7,1932.03,13524.21,0
ORD-01073,R012,SKU-0059,East,2026-08-09 17:00:00,2026-08-11 17:36:39,48,1,2102.32,2102.32,0
ORD-00399,R014,SKU-0046,East,2026-07-13 17:00:00,2026-07-14 05:03:53,12,2,877.11,1754.22,0
ORD-01095,R015,SKU-0044,East,2026-08-22 04:00:00,2026-08-23 09:50:54,24,2,1414.52,2829.04,0
ORD-00046,R006,SKU-0050,East,2026-07-10 02:00:00,2026-07-11 12:36:53,24,6,2244.47,13466.82,1
ORD-00162,R010,SKU-0012,West,2026-07-30 09:00:00,2026-07-30 23:59:55,12,7,1492.41,10446.87,0
ORD-00992,R006,SKU-0020,East,2026-08-23 15:00:00,2026-08-24 13:19:53,24,5,636.92,3184.6,0
ORD-00728,R014,SKU-0055,East,2026-07-17 09:00:00,2026-07-17 19:29:34,6,1,1950.13,1950.13,0
ORD-00630,R015,SKU-0021,East,2026-06-12 07:00:00,2026-06-14 00:20:35,12,2,3094.8,6189.6,0
ORD-00289,R007,SKU-0059,South,2026-08-20 21:00:00,2026-08-21 18:23:40,12,4,738.62,2954.48,0
ORD-01060,R009,SKU-0014,Central,2026-07-26 12:00:00,2026-07-26 23:52:17,6,7,1270.2,8891.4,0
ORD-01173,R013,SKU-0056,Central,2026-07-12 14:00:00,2026-07-13 18:18:22,24,6,1076.82,6460.92,0
ORD-00576,R011,SKU-0045,West,2026-07-15 01:00:00,2026-07-15 08:34:56,12,4,2785.63,11142.52,0
ORD-00851,R013,SKU-0007,Central,2026-08-25 05:00:00,2026-08-26 10:27:17,24,4,709.02,2836.08,1
ORD-00912,R010,SKU-0032,West,2026-07-26 07:00:00,2026-07-26 13:54:33,6,1,2007.44,2007.44,0
ORD-01088,R015,SKU-0009,East,2026-08-16 22:00:00,2026-08-19 01:39:52,48,3,1327.33,3981.99,0
ORD-00933,R010,SKU-0043,West,2026-07-16 19:00:00,2026-07-16 21:21:44,12,4,3451.88,13807.52,0
ORD-00248,R011,SKU-0024,West,2026-07-26 04:00:00,2026-07-26 17:14:40,6,4,2666.44,10665.76,0
ORD-00477,R012,SKU-0014,East,2026-07-06 20:00:00,2026-07-07 01:29:00,12,2,2162.99,4325.98,0
ORD-00086,R004,SKU-0025,Central,2026-08-29 01:00:00,2026-08-30 11:30:18,24,1,1535.76,1535.76,0
ORD-00470,R007,SKU-0034,South,2026-08-14 04:00:00,2026-08-14 16:45:25,12,4,2714.32,10857.28,0
ORD-00226,R007,SKU-0008,South,2026-07-03 12:00:00,2026-07-03 21:38:47,12,1,2166.22,2166.22,0
ORD-00775,R004,SKU-0059,Central,2026-07-25 15:00:00,2026-07-26 00:19:43,6,5,1387.57,6937.85,0
ORD-00332,R008,SKU-0007,North,2026-07-10 03:00:00,2026-07-10 08:29:01,12,1,3132.04,3132.04,0
ORD-00234,R015,SKU-0029,East,2026-06-29 19:00:00,2026-06-29 20:54:05,6,6,2646.94,15881.64,0
ORD-00589,R006,SKU-0043,East,2026-06-19 08:00:00,2026-06-20 17:17:40,24,4,2919.34,11677.36,0
ORD-00476,R009,SKU-0046,Central,2026-08-12 21:00:00,2026-08-15 15:21:25,48,7,2589.8,18128.6,0
ORD-00600,R013,SKU-0006,Central,2026-07-26 09:00:00,2026-07-27 06:30:57,12,3,220.5,661.5,0
ORD-00422,R012,SKU-0004,East,2026-06-11 10:00:00,2026-06-11 10:30:00,6,4,2415.1,9660.4,0
ORD-00183,R003,SKU-0035,North,2026-06-10 10:00:00,2026-06-11 23:38:16,24,4,1278.7,5114.8,0
ORD-00989,R012,SKU-0015,East,2026-08-03 11:00:00,2026-08-05 06:45:04,24,5,3471.48,17357.4,0
ORD-01001,R009,SKU-0026,Central,2026-06-15 09:00:00,2026-06-15 11:42:16,12,5,1495.26,7476.3,1
ORD-00050,R005,SKU-0008,East,2026-08-16 19:00:00,2026-08-17 08:39:30,12,1,1551.62,1551.62,1
ORD-01127,R014,SKU-0002,East,2026-07-13 13:00:00,2026-07-14 15:08:25,24,2,1058.31,2116.62,0
ORD-01030,R007,SKU-0012,South,2026-06-28 21:00:00,2026-06-30 02:39:59,24,1,2001.03,2001.03,1
ORD-00530,R015,SKU-0049,East,2026-08-14 02:00:00,2026-08-14 18:59:08,6,4,168.89,675.56,0
ORD-00487,R003,SKU-0057,North,2026-06-04 09:00:00,2026-06-04 21:42:06,12,4,704.29,2817.16,0
ORD-00498,R005,SKU-0009,East,2026-06-26 08:00:00,2026-06-28 04:49:14,24,2,1837.56,3675.12,0
ORD-00107,R014,SKU-0058,East,2026-06-14 06:00:00,2026-06-17 02:32:38,48,3,2571.74,7715.22,0
ORD-00444,R003,SKU-0014,North,2026-07-13 09:00:00,2026-07-14 14:53:02,24,5,1432.08,7160.4,1
ORD-00647,R010,SKU-0041,West,2026-08-23 12:00:00,2026-08-24 06:32:58,12,6,1245.52,7473.12,0
ORD-01037,R002,SKU-0044,East,2026-06-21 01:00:00,2026-06-23 17:53:12,48,2,2381.54,4763.08,0
ORD-00727,R002,SKU-0034,East,2026-06-28 01:00:00,2026-06-29 02:43:25,24,3,2727.29,8181.87,0
ORD-00191,R003,SKU-0008,North,2026-07-23 02:00:00,2026-07-24 09:35:52,24,4,1237.93,4951.72,1
ORD-00283,R010,SKU-0007,West,2026-08-20 17:00:00,2026-08-21 09:08:46,12,5,1748.69,8743.45,1
ORD-00030,R013,SKU-0036,Central,2026-08-11 14:00:00,2026-08-13 10:12:26,48,1,3430.42,3430.42,1
ORD-00170,R009,SKU-0010,Central,2026-07-27 03:00:00,2026-07-27 14:02:14,6,4,2571.47,10285.88,1
ORD-01002,R008,SKU-0016,North,2026-08-04 04:00:00,2026-08-05 00:56:05,24,2,1717.78,3435.56,0
ORD-00101,R007,SKU-0053,South,2026-07-12 22:00:00,2026-07-15 06:15:59,48,5,3423.32,17116.6,0
ORD-00198,R013,SKU-0023,Central,2026-06-14 10:00:00,2026-06-16 15:57:57,48,3,2431.24,7293.72,0
ORD-00496,R012,SKU-0008,East,2026-08-25 07:00:00,2026-08-26 01:50:41,12,7,1940.75,13585.25,0
ORD-00648,R010,SKU-0021,West,2026-08-16 18:00:00,2026-08-17 08:55:15,12,4,309.06,1236.24,0
ORD-00988,R002,SKU-0027,East,2026-06-13 00:00:00,2026-06-13 08:21:01,12,6,1566.07,9396.42,0
ORD-00045,R013,SKU-0014,Central,2026-06-11 09:00:00,2026-06-11 14:53:24,12,7,2965.93,20761.51,0
ORD-00711,R004,SKU-0027,Central,2026-07-23 18:00:00,2026-07-24 12:04:46,6,3,360.06,1080.18,0
ORD-00374,R012,SKU-0037,East,2026-07-17 22:00:00,2026-07-18 12:17:53,24,5,1429.43,7147.15,0
ORD-00679,R002,SKU-0022,East,2026-08-24 10:00:00,2026-08-25 11:32:20,24,6,678.12,4068.72,0
ORD-00567,R010,SKU-0019,West,2026-08-22 02:00:00,2026-08-22 13:13:51,24,4,2985.76,11943.04,0
ORD-00848,R005,SKU-0047,East,2026-07-11 13:00:00,2026-07-12 04:16:29,12,5,348.19,1740.95,1
ORD-00461,R001,SKU-0015,West,2026-06-14 18:00:00,2026-06-16 22:43:01,48,4,1564.87,6259.48,0
ORD-00040,R014,SKU-0024,East,2026-07-16 20:00:00,2026-07-17 15:32:20,6,1,1193.15,1193.15,0
ORD-00435,R014,SKU-0005,East,2026-06-22 04:00:00,2026-06-23 08:03:21,24,7,2053.44,14374.08,0
ORD-00974,R005,SKU-0030,East,2026-07-31 03:00:00,2026-07-31 13:26:40,12,5,363.65,1818.25,1
ORD-01008,R011,SKU-0037,West,2026-08-26 07:00:00,2026-08-27 05:36:23,6,2,3489.68,6979.36,0
ORD-00457,R013,SKU-0048,Central,2026-06-15 20:00:00,2026-06-17 11:00:44,24,2,1170.4,2340.8,0
ORD-00261,R014,SKU-0027,East,2026-08-12 00:00:00,2026-08-12 13:44:50,12,4,2484.51,9938.04,1
ORD-00036,R008,SKU-0056,North,2026-06-25 12:00:00,2026-06-26 09:23:08,24,5,2180.02,10900.1,0
ORD-00828,R006,SKU-0059,East,2026-06-20 03:00:00,2026-06-22 05:47:52,48,7,1830.16,12811.12,0
ORD-00310,R010,SKU-0001,West,2026-06-03 14:00:00,2026-06-04 14:52:25,24,2,1069.28,2138.56,0
ORD-00277,R001,SKU-0057,West,2026-06-05 19:00:00,2026-06-07 16:27:52,48,1,3132.7,3132.7,0
ORD-00637,R013,SKU-0038,Central,2026-07-18 20:00:00,2026-07-20 18:58:39,48,1,1471.81,1471.81,1
ORD-00655,R006,SKU-0041,East,2026-07-30 21:00:00,2026-07-31 15:39:40,24,6,1586.34,9518.04,0
ORD-00623,R013,SKU-0056,Central,2026-07-24 20:00:00,2026-07-26 10:09:31,24,6,3446.05,20676.3,0
ORD-00845,R001,SKU-0005,West,2026-07-28 16:00:00,2026-07-29 09:32:53,24,6,2402.66,14415.96,0
ORD-00394,R011,SKU-0019,West,2026-06-17 12:00:00,2026-06-19 08:02:00,48,2,2560.95,5121.9,1
ORD-00108,R014,SKU-0042,East,2026-07-15 07:00:00,2026-07-16 20:15:49,24,4,1425.22,5700.88,0
ORD-00350,R013,SKU-0057,Central,2026-07-08 12:00:00,2026-07-09 10:35:20,24,5,1279.86,6399.3,0
ORD-00525,R003,SKU-0040,North,2026-07-28 12:00:00,2026-07-30 01:59:35,12,6,3111.11,18666.66,1
ORD-00785,R011,SKU-0059,West,2026-08-12 09:00:00,2026-08-12 20:51:35,6,4,2853.45,11413.8,0
ORD-00048,R014,SKU-0050,East,2026-07-29 12:00:00,2026-07-31 06:15:06,48,4,1468.45,5873.8,0
ORD-00204,R013,SKU-0025,Central,2026-06-06 05:00:00,2026-06-06 23:57:07,6,6,237.28,1423.68,0
ORD-00022,R015,SKU-0054,East,2026-06-22 06:00:00,2026-06-24 02:47:08,48,5,1678.44,8392.2,0
ORD-00403,R009,SKU-0038,Central,2026-06-02 09:00:00,2026-06-03 17:52:39,24,1,1697.07,1697.07,0
ORD-01108,R012,SKU-0057,East,2026-08-02 21:00:00,2026-08-03 02:44:57,6,7,2707.14,18949.98,0
ORD-00990,R003,SKU-0041,North,2026-08-07 02:00:00,2026-08-07 06:19:28,6,6,2341.13,14046.78,1
ORD-00742,R010,SKU-0024,West,2026-06-04 09:00:00,2026-06-04 23:13:05,12,6,2354.95,14129.7,0
ORD-01148,R013,SKU-0031,Central,2026-08-26 02:00:00,2026-08-26 17:59:08,24,1,2321.52,2321.52,0
ORD-00034,R010,SKU-0045,West,2026-07-13 09:00:00,2026-07-13 19:18:56,12,1,708.77,708.77,0
ORD-00788,R006,SKU-0060,East,2026-06-11 03:00:00,2026-06-11 04:25:56,12,3,1765.07,5295.21,0
ORD-00924,R002,SKU-0005,East,2026-08-26 13:00:00,2026-08-27 04:53:08,12,4,1152.58,4610.32,0
ORD-01044,R015,SKU-0057,East,2026-08-05 19:00:00,2026-08-06 09:25:14,6,7,1958.73,13711.11,0
ORD-01188,R005,SKU-0017,East,2026-07-11 10:00:00,2026-07-11 22:36:44,24,6,2203.13,13218.78,1
ORD-00580,R006,SKU-0002,East,2026-07-20 02:00:00,2026-07-20 09:54:37,12,7,3008.93,21062.51,0
ORD-00482,R015,SKU-0055,East,2026-08-06 08:00:00,2026-08-07 11:26:00,24,7,2859.2,20014.4,0
ORD-00932,R010,SKU-0015,West,2026-08-16 03:00:00,2026-08-17 07:38:36,24,1,3156.03,3156.03,1
ORD-00357,R014,SKU-0015,East,2026-08-06 20:00:00,2026-08-08 13:07:01,24,6,3163.97,18983.82,0
ORD-00760,R002,SKU-0037,East,2026-08-16 22:00:00,2026-08-17 09:18:59,12,7,2546.9,17828.3,0
ORD-00093,R003,SKU-0038,North,2026-06-16 10:00:00,2026-06-17 20:53:56,24,7,2303.68,16125.76,1
ORD-00804,R002,SKU-0055,East,2026-07-20 05:00:00,2026-07-21 00:04:08,24,5,1758.48,8792.4,1
ORD-00746,R002,SKU-0024,East,2026-06-03 06:00:00,2026-06-03 14:15:30,12,1,1695.96,1695.96,0
ORD-00280,R012,SKU-0043,East,2026-08-27 10:00:00,2026-08-29 15:22:18,48,3,549.3,1647.9,0
ORD-00765,R001,SKU-0032,West,2026-08-21 10:00:00,2026-08-23 12:30:39,48,5,1348.47,6742.35,0
ORD-00605,R004,SKU-0035,Central,2026-08-24 02:00:00,2026-08-24 07:38:44,6,2,2350.13,4700.26,0
ORD-01194,R009,SKU-0049,Central,2026-08-25 00:00:00,2026-08-26 12:19:38,24,7,207.93,1455.51,0
ORD-00401,R006,SKU-0056,East,2026-08-10 22:00:00,2026-08-11 06:32:23,12,5,1924.93,9624.65,0
ORD-00258,R007,SKU-0033,South,2026-06-28 21:00:00,2026-06-29 20:03:41,24,3,958.95,2876.85,0
ORD-00945,R001,SKU-0036,West,2026-06-11 04:00:00,2026-06-11 16:41:11,24,2,2444.19,4888.38,1
ORD-01097,R015,SKU-0011,East,2026-07-27 18:00:00,2026-07-28 11:14:45,12,6,2466.25,14797.5,0
ORD-01162,R012,SKU-0031,East,2026-06-01 14:00:00,2026-06-02 17:24:38,24,4,2172.13,8688.52,0
ORD-00495,R002,SKU-0006,East,2026-07-22 04:00:00,2026-07-23 08:30:51,24,5,809.28,4046.4,1
ORD-00773,R009,SKU-0036,Central,2026-06-05 12:00:00,2026-06-05 17:41:26,6,4,2340.52,9362.08,0
ORD-00551,R015,SKU-0051,East,2026-06-21 20:00:00,2026-06-23 17:35:32,48,6,604.35,3626.1,1
ORD-00202,R006,SKU-0016,East,2026-07-13 11:00:00,2026-07-16 12:44:42,48,6,908.56,5451.36,1
ORD-00313,R001,SKU-0047,West,2026-08-14 01:00:00,2026-08-14 12:08:35,6,4,2257.81,9031.24,1
ORD-00291,R013,SKU-0060,Central,2026-07-17 10:00:00,2026-07-17 10:30:00,6,5,1476.58,7382.9,0
ORD-00764,R007,SKU-0006,South,2026-06-02 22:00:00,2026-06-03 04:32:45,12,2,449.89,899.78,0
ORD-01137,R007,SKU-0044,South,2026-08-10 01:00:00,2026-08-10 07:28:38,12,1,252.55,252.55,0
ORD-00950,R009,SKU-0054,Central,2026-08-13 09:00:00,2026-08-14 11:55:40,24,1,506.74,506.74,0
ORD-00184,R014,SKU-0024,East,2026-06-16 06:00:00,2026-06-16 21:50:22,12,2,931.8,1863.6,0
ORD-01177,R010,SKU-0022,West,2026-07-08 20:00:00,2026-07-09 16:17:15,12,3,2505.67,7517.01,0
ORD-01069,R010,SKU-0031,West,2026-08-16 16:00:00,2026-08-17 17:25:04,24,7,1683.77,11786.39,0
ORD-01031,R006,SKU-0032,East,2026-06-17 02:00:00,2026-06-18 02:49:10,24,7,2301.7,16111.9,0
ORD-00251,R007,SKU-0015,South,2026-06-21 01:00:00,2026-06-23 21:59:08,48,2,1854.21,3708.42,0
ORD-00824,R006,SKU-0037,East,2026-06-07 17:00:00,2026-06-08 04:37:51,12,1,1263.02,1263.02,0
ORD-01100,R011,SKU-0024,West,2026-06-01 16:00:00,2026-06-02 05:35:35,12,2,445.36,890.72,1
ORD-00941,R003,SKU-0027,North,2026-08-15 08:00:00,2026-08-15 15:57:24,12,7,1541.13,10787.91,1
ORD-00392,R006,SKU-0030,East,2026-06-15 17:00:00,2026-06-15 22:56:05,12,4,1412.17,5648.68,0
ORD-01093,R012,SKU-0036,East,2026-07-06 04:00:00,2026-07-07 01:00:22,24,2,162.94,325.88,0
ORD-01192,R001,SKU-0023,West,2026-06-05 06:00:00,2026-06-05 21:58:29,24,1,2650.24,2650.24,0
ORD-00905,R009,SKU-0006,Central,2026-07-21 10:00:00,2026-07-22 07:01:53,24,3,243.98,731.94,1
ORD-00731,R008,SKU-0046,North,2026-08-10 02:00:00,2026-08-10 09:03:18,12,3,1876.47,5629.41,1
ORD-00555,R015,SKU-0002,East,2026-07-03 22:00:00,2026-07-04 10:08:48,12,5,1219.62,6098.1,0
ORD-00367,R004,SKU-0013,Central,2026-06-28 01:00:00,2026-06-28 19:28:26,12,7,3254.07,22778.49,0
ORD-00346,R013,SKU-0012,Central,2026-08-23 06:00:00,2026-08-23 15:13:33,12,4,240.23,960.92,0
ORD-00536,R004,SKU-0011,Central,2026-08-15 05:00:00,2026-08-17 01:07:59,48,4,731.73,2926.92,1
ORD-00920,R013,SKU-0030,Central,2026-07-18 15:00:00,2026-07-19 07:13:26,12,3,2900.99,8702.97,0
ORD-00212,R004,SKU-0035,Central,2026-06-15 03:00:00,2026-06-16 21:13:47,12,7,3289.99,23029.93,0
ORD-00503,R014,SKU-0041,East,2026-07-18 03:00:00,2026-07-18 10:05:40,12,1,169.2,169.2,0
ORD-00538,R001,SKU-0051,West,2026-08-10 15:00:00,2026-08-11 20:23:28,24,7,1872.78,13109.46,0
ORD-00176,R004,SKU-0003,Central,2026-06-17 06:00:00,2026-06-19 16:05:39,48,2,826.09,1652.18,0
